ordinal	view	build	shoulderHip	waist	evidence
0	partial	2	?	?	black tee arms cropped hips; shoulder/hip and waist contours not established in overview.
1	full	1.5	?	?	green tee navy shorts loose hem; shoulder/hip and waist contours not established in overview.
2	partial	1.5	?	?	blue leather jacket red trousers layers; shoulder/hip and waist contours not established in overview.
3	full	1.5	?	?	black tank jeans loose hem; shoulder/hip and waist contours not established in overview.
4	partial	?	?	?	dark work shirt cropped hips; shoulder/hip and waist contours not established in overview.
5	partial	1.5	?	?	denim jacket salmon shirt white trousers; shoulder/hip and waist contours not established in overview.
6	partial	1.5	?	?	floral shirt black trousers drape; shoulder/hip and waist contours not established in overview.
7	back	?	?	?	rear sweater; shoulder/hip and waist contours not established in overview.
8	full	?	?	?	long grey overcoat white trousers; shoulder/hip and waist contours not established in overview.
9	full	1.5	?	?	blue fitted jeans jacket heeled boots; shoulder/hip and waist contours not established in overview.
10	partial	?	?	?	long dark coat layered shirt; shoulder/hip and waist contours not established in overview.
11	full	2	?	?	print tee grey trousers drape; shoulder/hip and waist contours not established in overview.
12	seated	2	?	?	denim jacket jeans seated; shoulder/hip and waist contours not established in overview.
13	full	1.5	?	?	navy suit tie structured jacket; shoulder/hip and waist contours not established in overview.
14	seated	1.5	?	?	navy tee shorts seated; shoulder/hip and waist contours not established in overview.
15	back	?	?	?	rear denim jacket; shoulder/hip and waist contours not established in overview.
16	partial	1.5	?	?	white tee jeans bag occlusion; shoulder/hip and waist contours not established in overview.
17	full	1.5	?	?	navy blazer jeans walking; shoulder/hip and waist contours not established in overview.
18	seated	?	?	?	jacket trousers reclining; shoulder/hip and waist contours not established in overview.
19	seated	1.5	?	?	white tee black trousers seated; shoulder/hip and waist contours not established in overview.
20	full	?	?	?	olive loose utility set; shoulder/hip and waist contours not established in overview.
21	full	1.5	?	?	shirt tie tailored shorts drape; shoulder/hip and waist contours not established in overview.
22	seated	1.5	?	?	shirt shorts seated crossed legs; shoulder/hip and waist contours not established in overview.
23	full	1.5	?	?	dark blazer open shirt trousers; shoulder/hip and waist contours not established in overview.
24	full	1.5	?	?	black jacket tan trousers side pose; shoulder/hip and waist contours not established in overview.
25	full	1.5	?	?	suit pink shirt structured jacket; shoulder/hip and waist contours not established in overview.
26	partial	1.5	?	?	leather jacket black trousers; shoulder/hip and waist contours not established in overview.
27	full	1.5	?	?	dark jacket jeans bent pose; shoulder/hip and waist contours not established in overview.
28	full	1.5	?	?	grey longline top boots layered jacket; shoulder/hip and waist contours not established in overview.
29	full	1.5	?	?	angular jacket cropped trousers gold boots; shoulder/hip and waist contours not established in overview.
30	partial	2	?	?	black blazer print shirt; shoulder/hip and waist contours not established in overview.
31	full	1.5	0	?	Enlarged: similar shoulder and hip widths; loose tucked shirt conceals waist contour.
32	full	1.5	?	?	white long sleeve shorts loose set; shoulder/hip and waist contours not established in overview.
33	full	1.5	?	?	layered black shirt long white tee shorts; shoulder/hip and waist contours not established in overview.
34	partial	2	?	?	leather jacket jeans oblique pose; shoulder/hip and waist contours not established in overview.
35	partial	1.5	?	?	graphic tee dark trousers hand on hip; shoulder/hip and waist contours not established in overview.
36	full	1.5	?	?	long white tee dark jeans drape; shoulder/hip and waist contours not established in overview.
37	full	1.5	?	?	black tuxedo white trousers; shoulder/hip and waist contours not established in overview.
38	full	1.5	?	?	floral shirt blue trousers drape; shoulder/hip and waist contours not established in overview.
39	full	1.5	?	?	black knit trousers crossbody strap; shoulder/hip and waist contours not established in overview.
40	partial	2	?	?	grey suit tie cropped hips; shoulder/hip and waist contours not established in overview.
41	partial	2	?	?	silver blazer waistcoat black trousers; shoulder/hip and waist contours not established in overview.
42	partial	1.5	?	?	green oversized tee dark trousers; shoulder/hip and waist contours not established in overview.
43	partial	1.5	?	?	pink tank shorts loose waist; shoulder/hip and waist contours not established in overview.
44	partial	2	?	?	multicolor blazer black shirt bowtie; shoulder/hip and waist contours not established in overview.
45	partial	1.5	?	?	black oversized shirt shorts; shoulder/hip and waist contours not established in overview.
46	partial	2	?	?	sheer black knit patterned trousers; shoulder/hip and waist contours not established in overview.
47	full	2	?	?	grey suit pink tie; shoulder/hip and waist contours not established in overview.
48	full	1.5	?	?	black sport jacket blue tee shorts; shoulder/hip and waist contours not established in overview.
49	full	1.5	?	?	white tailored jacket trousers; shoulder/hip and waist contours not established in overview.
50	full	1.5	?	?	white polo navy shorts; shoulder/hip and waist contours not established in overview.
51	full	2	?	?	blazer graphic tee black trousers; shoulder/hip and waist contours not established in overview.
52	full	2.5	?	?	teal suit white shirt; shoulder/hip and waist contours not established in overview.
53	full	1.5	?	?	dark three piece suit; shoulder/hip and waist contours not established in overview.
54	full	2	?	?	black tuxedo; shoulder/hip and waist contours not established in overview.
55	full	2	?	?	dark blazer olive trousers; shoulder/hip and waist contours not established in overview.
56	full	2	?	?	white shirt black trousers; shoulder/hip and waist contours not established in overview.
57	full	1.5	?	?	navy blazer burgundy trousers; shoulder/hip and waist contours not established in overview.
58	detail	?	?	?	head and knit neckline crop; shoulder/hip and waist contours not established in overview.
59	full	1.5	?	?	oversized orange top shorts; shoulder/hip and waist contours not established in overview.
60	partial	?	?	?	black jacket white shirt cropped torso; shoulder/hip and waist contours not established in overview.
61	partial	1.5	?	?	navy crop beige skirt seated angle; shoulder/hip and waist contours not established in overview.
62	partial	1.5	?	?	pale blue tee extended arms; shoulder/hip and waist contours not established in overview.
63	detail	?	?	?	head and shoulders portrait; shoulder/hip and waist contours not established in overview.
64	partial	1.5	?	?	oversized grey shirt dress raised arm; shoulder/hip and waist contours not established in overview.
65	detail	?	?	?	head and upper chest crop; shoulder/hip and waist contours not established in overview.
66	seated	1.5	?	?	olive open shirt shorts seated; shoulder/hip and waist contours not established in overview.
67	partial	1.5	?	?	long white shirt bent leg; shoulder/hip and waist contours not established in overview.
68	partial	1.5	?	?	white tank green bottoms hip crop; shoulder/hip and waist contours not established in overview.
69	seated	?	?	?	white draped offshoulder top seated; shoulder/hip and waist contours not established in overview.
70	partial	1.5	?	?	oversized graphic tee cropped hips; shoulder/hip and waist contours not established in overview.
71	partial	1.5	?	?	tan jacket grey knit layered; shoulder/hip and waist contours not established in overview.
72	full	1.5	?	?	graphic sweater shorts high heels; shoulder/hip and waist contours not established in overview.
73	partial	1.5	?	?	pale belted dress flared skirt; shoulder/hip and waist contours not established in overview.
74	seated	1.5	?	?	graphic tee denim shorts seated; shoulder/hip and waist contours not established in overview.
75	full	1.5	?	?	blue jacket black leggings running pose; shoulder/hip and waist contours not established in overview.
76	seated	1.5	?	?	tee denim shorts reclining; shoulder/hip and waist contours not established in overview.
77	full	1.5	?	?	graphic tee white shorts raised arms; shoulder/hip and waist contours not established in overview.
78	partial	1.5	?	?	black graphic tee denim shorts bent pose; shoulder/hip and waist contours not established in overview.
79	full	1.5	?	?	green floral mini raised leg; shoulder/hip and waist contours not established in overview.
80	partial	1.5	?	?	beige tee navy shorts oblique pose; shoulder/hip and waist contours not established in overview.
81	full	1.5	?	?	blue mini long grey layer crossed leg; shoulder/hip and waist contours not established in overview.
82	full	1.5	?	?	dark short overalls walking; shoulder/hip and waist contours not established in overview.
83	reject	?	?	?	repeated short overall walking look; shoulder/hip and waist contours not established in overview.
84	full	1.5	?	?	white tee denim shorts crossed legs; shoulder/hip and waist contours not established in overview.
85	partial	1.5	?	?	loose white peplum top dark shorts; shoulder/hip and waist contours not established in overview.
86	full	1.5	?	?	white crop blue flared skirt; shoulder/hip and waist contours not established in overview.
87	partial	1.5	?	?	lace crop beige skirt raised arms; shoulder/hip and waist contours not established in overview.
88	full	1.5	?	?	grey tee denim shorts walking; shoulder/hip and waist contours not established in overview.
89	full	1.5	?	?	olive jacket black crop shorts heeled boots; shoulder/hip and waist contours not established in overview.
90	reject	?	?	?	monochrome stylized shorts look; shoulder/hip and waist contours not established in overview.
91	seated	1.5	?	?	burgundy crop denim shorts seated; shoulder/hip and waist contours not established in overview.
92	seated	1.5	?	?	graphic tee shorts crouching; shoulder/hip and waist contours not established in overview.
93	full	1.5	?	?	peach striped crop denim shorts splayed pose; shoulder/hip and waist contours not established in overview.
94	full	1.5	?	?	red tee denim shorts bent pose; shoulder/hip and waist contours not established in overview.
95	full	1.5	?	?	black tee olive capris angled pose; shoulder/hip and waist contours not established in overview.
96	partial	1.5	?	?	burgundy crop grey shorts pulled hem; shoulder/hip and waist contours not established in overview.
97	partial	1.5	?	?	black tank plaid skirt side pose; shoulder/hip and waist contours not established in overview.
98	reject	?	?	?	distant small subject in street; shoulder/hip and waist contours not established in overview.
99	full	1.5	?	?	grey loose top black shorts crossed legs; shoulder/hip and waist contours not established in overview.
100	seated	1.5	?	?	black graphic top leggings seated; shoulder/hip and waist contours not established in overview.
101	partial	1.5	?	?	grey bomber white top denim mini; shoulder/hip and waist contours not established in overview.
102	reject	?	?	?	bent over shoe adjustment; shoulder/hip and waist contours not established in overview.
103	partial	1.5	?	?	yellow top denim shorts loose hem; shoulder/hip and waist contours not established in overview.
104	full	1.5	?	?	striped crop black shorts running pose; shoulder/hip and waist contours not established in overview.
105	seated	1.5	?	?	black top denim shorts heels seated; shoulder/hip and waist contours not established in overview.
106	full	1.5	?	?	black crop asymmetric sheer skirt; shoulder/hip and waist contours not established in overview.
107	full	1.5	?	?	blue pinafore white blouse flared skirt; shoulder/hip and waist contours not established in overview.
108	back	?	?	?	rear black dress; shoulder/hip and waist contours not established in overview.
109	partial	1.5	?	?	blue sleeveless blouse white trousers arms raised; shoulder/hip and waist contours not established in overview.
110	partial	1.5	?	?	dotted blouse black pleated skirt; shoulder/hip and waist contours not established in overview.
111	partial	1.5	?	?	blue graphic tee dark trousers leaning; shoulder/hip and waist contours not established in overview.
112	partial	1.5	?	?	black crop striped trousers open cardigan; shoulder/hip and waist contours not established in overview.
113	reject	?	?	?	repeated blue pinafore outfit; shoulder/hip and waist contours not established in overview.
114	partial	1.5	?	?	black flared dress side pose; shoulder/hip and waist contours not established in overview.
115	seated	1.5	?	?	grey shirt denim shorts seated; shoulder/hip and waist contours not established in overview.
116	partial	1.5	?	?	pink lace romper arms raised; shoulder/hip and waist contours not established in overview.
117	partial	1.5	?	?	denim jacket striped top raised arms; shoulder/hip and waist contours not established in overview.
118	seated	1.5	?	?	striped dress long navy layer reclining; shoulder/hip and waist contours not established in overview.
119	full	1.5	?	?	black crop jeans long grey layer; shoulder/hip and waist contours not established in overview.
120	seated	1.5	?	?	magenta dress seated; shoulder/hip and waist contours not established in overview.
121	seated	1.5	?	?	white top shorts seated; shoulder/hip and waist contours not established in overview.
122	full	?	?	?	loose navy shift over jeans; shoulder/hip and waist contours not established in overview.
123	partial	1.5	?	?	olive crop denim shorts raised arm; shoulder/hip and waist contours not established in overview.
124	partial	1.5	?	?	graphic tee dark shorts hands on hips; shoulder/hip and waist contours not established in overview.
125	partial	1.5	?	?	striped oversized knit denim shorts turned; shoulder/hip and waist contours not established in overview.
126	full	1.5	?	?	white crop striped trousers bent leg; shoulder/hip and waist contours not established in overview.
127	seated	1.5	?	?	white crop denim shorts crouching; shoulder/hip and waist contours not established in overview.
128	full	1.5	?	?	denim jacket black mini leaning; shoulder/hip and waist contours not established in overview.
129	partial	1.5	?	?	leather jacket grey tee denim shorts; shoulder/hip and waist contours not established in overview.
130	seated	1.5	?	?	black top blue jeans seated; shoulder/hip and waist contours not established in overview.
131	back	?	?	?	rear black crop denim shorts; shoulder/hip and waist contours not established in overview.
132	full	1.5	?	?	white blouse black mini long jacket; shoulder/hip and waist contours not established in overview.
133	seated	1.5	?	?	grey tee jeans seated bench; shoulder/hip and waist contours not established in overview.
134	partial	1.5	?	?	white halter geometric mini leaning; shoulder/hip and waist contours not established in overview.
135	full	1.5	?	?	pink floral long sleeve dress flared skirt; shoulder/hip and waist contours not established in overview.
136	full	1.5	?	?	leather jacket ruffle skirt sneakers; shoulder/hip and waist contours not established in overview.
137	seated	1.5	?	?	cream knit denim shorts seated; shoulder/hip and waist contours not established in overview.
138	seated	1.5	?	?	white tied shirt black mini crouching; shoulder/hip and waist contours not established in overview.
139	seated	1.5	?	?	black sleeveless dress seated; shoulder/hip and waist contours not established in overview.
140	full	1.5	?	?	dotted mini crossed leg raised arm; shoulder/hip and waist contours not established in overview.
141	seated	1.5	?	?	burgundy knit black jeans seated; shoulder/hip and waist contours not established in overview.
142	partial	1.5	?	?	black crop denim shorts side pose; shoulder/hip and waist contours not established in overview.
143	full	1.5	?	?	graphic tee denim shorts profile; shoulder/hip and waist contours not established in overview.
144	seated	?	?	?	oversized grey suit slumped pose; shoulder/hip and waist contours not established in overview.
145	partial	1.5	?	?	black ruffle neck dress side pose; shoulder/hip and waist contours not established in overview.
146	full	1.5	?	?	white top denim shorts low light; shoulder/hip and waist contours not established in overview.
147	partial	1.5	?	?	pink belted loose dress; shoulder/hip and waist contours not established in overview.
148	partial	1.5	?	?	blue knit cropped hips; shoulder/hip and waist contours not established in overview.
149	full	1.5	?	?	striped tank black leggings loose hem; shoulder/hip and waist contours not established in overview.
150	reject	?	?	?	dynamic tilted pose knit jeans; shoulder/hip and waist contours not established in overview.
151	full	1.5	?	?	lavender knit jeans asymmetric stance; shoulder/hip and waist contours not established in overview.
152	reject	?	?	?	same red cardigan look as 155; shoulder/hip and waist contours not established in overview.
153	full	1.5	?	?	white graphic tank denim shorts; shoulder/hip and waist contours not established in overview.
154	reject	?	?	?	repeated tank shorts outfit; shoulder/hip and waist contours not established in overview.
155	partial	1.5	?	?	red cardigan black dress; shoulder/hip and waist contours not established in overview.
156	reject	?	?	?	repeated tank shorts colorway; shoulder/hip and waist contours not established in overview.
157	full	1.5	?	?	orange tank black leggings balancing pose; shoulder/hip and waist contours not established in overview.
158	seated	1.5	?	?	lace top black tights crouching; shoulder/hip and waist contours not established in overview.
159	full	1.5	?	1	Enlarged: visible moderate waist indentation; turned torso and raised leg prevent shoulder comparison.
160	partial	1.5	?	?	pale floral dress leaning; shoulder/hip and waist contours not established in overview.
161	seated	?	?	?	loose white tee patterned trousers seated; shoulder/hip and waist contours not established in overview.
162	reject	?	?	?	wide shoot scene multiple people; shoulder/hip and waist contours not established in overview.
163	full	1.5	?	?	multicolor dress spinning skirt; shoulder/hip and waist contours not established in overview.
164	partial	1.5	?	?	purple patterned dress flared skirt; shoulder/hip and waist contours not established in overview.
165	partial	1.5	?	?	black white panel dress hand pulls hem; shoulder/hip and waist contours not established in overview.
166	back	?	?	?	rear striped crop white shorts; shoulder/hip and waist contours not established in overview.
167	full	1.5	?	?	grey wrap top black shorts raised arm; shoulder/hip and waist contours not established in overview.
168	partial	1.5	?	?	tan fitted romper arms cross body; shoulder/hip and waist contours not established in overview.
169	partial	1.5	?	?	red romper leaning pose; shoulder/hip and waist contours not established in overview.
170	seated	1.5	?	?	white cami ripped jeans seated; shoulder/hip and waist contours not established in overview.
171	full	1.5	?	?	black mini raised arms; shoulder/hip and waist contours not established in overview.
172	back	?	?	?	rear red top black skirt; shoulder/hip and waist contours not established in overview.
173	partial	1.5	?	?	blue offshoulder bodysuit side pose; shoulder/hip and waist contours not established in overview.
174	partial	1.5	?	?	black full skirt dress; shoulder/hip and waist contours not established in overview.
175	seated	1.5	?	?	black shirt shorts reclining; shoulder/hip and waist contours not established in overview.
176	seated	1.5	?	?	black crop denim shorts seated; shoulder/hip and waist contours not established in overview.
177	full	1.5	?	?	navy top white midi skirt; shoulder/hip and waist contours not established in overview.
178	full	1.5	?	?	white blouse jeans yellow heels dynamic pose; shoulder/hip and waist contours not established in overview.
179	full	1.5	?	?	black top orange midi skirt; shoulder/hip and waist contours not established in overview.
180	full	1.5	?	?	leather jacket black trousers profile; shoulder/hip and waist contours not established in overview.
181	full	1.5	?	?	blue tunic black tights; shoulder/hip and waist contours not established in overview.
182	full	1.5	?	?	black coat fitted trousers; shoulder/hip and waist contours not established in overview.
183	full	1.5	?	?	orange tailored jacket pleated mini; shoulder/hip and waist contours not established in overview.
184	full	1.5	?	?	black ruffled blouse shorts tights; shoulder/hip and waist contours not established in overview.
185	partial	1.5	?	?	grey blazer ornate neckline cropped hips; shoulder/hip and waist contours not established in overview.
186	full	1.5	?	?	black white outlined dress; shoulder/hip and waist contours not established in overview.
187	full	1.5	?	?	dark lace top black trousers heels; shoulder/hip and waist contours not established in overview.
188	reject	?	?	?	repeated dark lace look seated; shoulder/hip and waist contours not established in overview.
189	seated	?	?	?	burgundy bomber dark trousers seated; shoulder/hip and waist contours not established in overview.
190	full	1.5	?	?	oversized denim jacket black jeans; shoulder/hip and waist contours not established in overview.
191	full	?	?	?	white coat over patterned dress; shoulder/hip and waist contours not established in overview.
192	full	1.5	?	?	white coat black mini layers; shoulder/hip and waist contours not established in overview.
193	full	1.5	?	?	black jacket trousers; shoulder/hip and waist contours not established in overview.
194	full	1.5	?	?	dark jacket leather trousers heels; shoulder/hip and waist contours not established in overview.
195	partial	1.5	?	?	leopard jacket grey mini; shoulder/hip and waist contours not established in overview.
196	seated	1.5	?	?	red dress seated; shoulder/hip and waist contours not established in overview.
197	partial	1.5	?	?	multicolor striped dress scarf; shoulder/hip and waist contours not established in overview.
198	partial	1.5	?	?	fitted floral mini oblique; shoulder/hip and waist contours not established in overview.
199	full	2	?	?	black maxi belted drape; shoulder/hip and waist contours not established in overview.
200	full	1.5	?	?	white graphic tee jeans tied shirt; shoulder/hip and waist contours not established in overview.
201	partial	1.5	?	?	black top patterned midi; shoulder/hip and waist contours not established in overview.
202	partial	1.5	?	?	green cardigan floral shorts; shoulder/hip and waist contours not established in overview.
203	full	1.5	?	?	blue knee dress crossed arms; shoulder/hip and waist contours not established in overview.
204	full	1.5	?	?	fur layer black dress; shoulder/hip and waist contours not established in overview.
205	full	1.5	?	?	yellow top black skirt car exit; shoulder/hip and waist contours not established in overview.
206	full	1.5	?	?	pink cutout dress flare; shoulder/hip and waist contours not established in overview.
207	full	1.5	?	?	tan top black tailored shorts; shoulder/hip and waist contours not established in overview.
208	back	?	?	?	rear white tee shorts; shoulder/hip and waist contours not established in overview.
209	partial	?	?	?	yellow jacket colorful scarf layers; shoulder/hip and waist contours not established in overview.
210	seated	1.5	?	?	grey blazer black trousers; shoulder/hip and waist contours not established in overview.
211	seated	1.5	?	?	patterned dress seated; shoulder/hip and waist contours not established in overview.
212	partial	1.5	?	?	white lace crop floral bottom cropped; shoulder/hip and waist contours not established in overview.
213	full	?	?	?	cream knit burgundy trousers; shoulder/hip and waist contours not established in overview.
214	seated	1.5	?	?	white top denim shorts seated; shoulder/hip and waist contours not established in overview.
215	seated	1.5	?	?	red jacket jeans seated; shoulder/hip and waist contours not established in overview.
216	partial	1.5	?	?	white mini loose waist; shoulder/hip and waist contours not established in overview.
217	full	1.5	?	?	blue number jersey denim shorts; shoulder/hip and waist contours not established in overview.
218	back	?	?	?	side rear black top shorts; shoulder/hip and waist contours not established in overview.
219	partial	?	?	?	navy doublebreasted jacket profile; shoulder/hip and waist contours not established in overview.
220	full	1.5	?	?	gold top black trousers leaning; shoulder/hip and waist contours not established in overview.
221	full	?	?	?	loose black midi; shoulder/hip and waist contours not established in overview.
222	full	1.5	?	?	patterned top beige mini; shoulder/hip and waist contours not established in overview.
223	full	?	?	?	teal coat black skirt distant profile; shoulder/hip and waist contours not established in overview.
224	partial	1.5	0	0	Enlarged: close-fitting panel dress shows similar shoulder and hip widths and relatively straight waist contour.
225	full	?	?	?	loose plaid shirt dress; shoulder/hip and waist contours not established in overview.
226	full	?	?	?	black fur coat white skirt layers; shoulder/hip and waist contours not established in overview.
227	back	?	?	?	rear tan coat; shoulder/hip and waist contours not established in overview.
228	partial	1.5	?	?	white lace top leaning; shoulder/hip and waist contours not established in overview.
229	full	1.5	?	?	blue cardigan white top jeans; shoulder/hip and waist contours not established in overview.
230	full	?	?	?	orange cardigan floral midi; shoulder/hip and waist contours not established in overview.
231	full	1.5	?	?	denim jacket pink mini; shoulder/hip and waist contours not established in overview.
232	full	?	?	?	plaid coat wide denim; shoulder/hip and waist contours not established in overview.
233	full	?	?	?	black coat mini heels; shoulder/hip and waist contours not established in overview.
234	full	1.5	?	?	peach maxi loose skirt; shoulder/hip and waist contours not established in overview.
235	full	?	?	?	brown jacket trousers bicycle occlusion; shoulder/hip and waist contours not established in overview.
236	full	1.5	?	?	black wrap maxi; shoulder/hip and waist contours not established in overview.
237	full	1.5	?	?	denim shirt jeans; shoulder/hip and waist contours not established in overview.
238	full	?	?	?	pink coat denim layers; shoulder/hip and waist contours not established in overview.
239	full	1.5	?	?	striped wide jumpsuit; shoulder/hip and waist contours not established in overview.
240	back	?	?	?	rear colorblock mini; shoulder/hip and waist contours not established in overview.
241	reject	?	?	?	repeated green dress at 248; shoulder/hip and waist contours not established in overview.
242	partial	1.5	?	?	black bodycon low light; shoulder/hip and waist contours not established in overview.
243	partial	1.5	?	?	black jumpsuit arms extended; shoulder/hip and waist contours not established in overview.
244	full	1.5	?	?	orange blouse shorts raised leg; shoulder/hip and waist contours not established in overview.
245	seated	1.5	?	?	black top pink draped skirt; shoulder/hip and waist contours not established in overview.
246	full	1.5	?	?	lavender shirt dress; shoulder/hip and waist contours not established in overview.
247	partial	1.5	?	?	navy floral mini; shoulder/hip and waist contours not established in overview.
248	partial	1.5	?	?	green fit flare dress; shoulder/hip and waist contours not established in overview.
249	seated	1.5	?	?	beige knit patterned skirt; shoulder/hip and waist contours not established in overview.
250	full	1.5	0	1	Enlarged: fitted navy dress shows similar shoulder and hip widths with moderate waist indentation.
251	full	1.5	?	?	black lace top leather trousers; shoulder/hip and waist contours not established in overview.
252	partial	1.5	?	?	black peplum trousers; shoulder/hip and waist contours not established in overview.
253	detail	?	?	?	face upper chest crop; shoulder/hip and waist contours not established in overview.
254	full	2	?	?	pink top grey pencil skirt; shoulder/hip and waist contours not established in overview.
255	seated	1.5	?	?	navy dress seated; shoulder/hip and waist contours not established in overview.
256	seated	1.5	?	?	grey tank denim shorts; shoulder/hip and waist contours not established in overview.
257	full	1.5	?	?	loose black mini raised arms; shoulder/hip and waist contours not established in overview.
258	full	1.5	?	?	denim shirt floral midi walking; shoulder/hip and waist contours not established in overview.
259	seated	2	?	?	black tank dark trousers; shoulder/hip and waist contours not established in overview.
260	full	1.5	?	?	black blazer grey top leather trousers; shoulder/hip and waist contours not established in overview.
261	full	1.5	?	?	white blazer black cropped trousers; shoulder/hip and waist contours not established in overview.
262	partial	1.5	?	?	white jacket navy crop sheer skirt; shoulder/hip and waist contours not established in overview.
263	full	1.5	?	?	grey tailored suit heels; shoulder/hip and waist contours not established in overview.
264	partial	1.5	?	?	striped midi; shoulder/hip and waist contours not established in overview.
265	full	1.5	?	?	pale blouse dark trousers tall boots; shoulder/hip and waist contours not established in overview.
266	full	1.5	?	?	blue shirt fitted jeans purple heels; shoulder/hip and waist contours not established in overview.
267	full	1.5	?	?	white jacket patterned mini; shoulder/hip and waist contours not established in overview.
268	seated	1.5	?	?	grey pantsuit seated; shoulder/hip and waist contours not established in overview.
269	seated	1.5	?	?	red mini seated; shoulder/hip and waist contours not established in overview.
270	full	1.5	?	?	dark flared mini; shoulder/hip and waist contours not established in overview.
271	partial	2	?	?	white lace blouse black trousers; shoulder/hip and waist contours not established in overview.
272	partial	1.5	?	?	black lace top plaid mini; shoulder/hip and waist contours not established in overview.
273	full	1.5	?	?	magenta top shorts wide stance; shoulder/hip and waist contours not established in overview.
274	detail	?	?	?	shoulderless skirt detail; shoulder/hip and waist contours not established in overview.
275	seated	1.5	?	?	striped dress seated; shoulder/hip and waist contours not established in overview.
276	full	1.5	?	?	cream ruffled mini; shoulder/hip and waist contours not established in overview.
277	full	1.5	?	?	grey top green shorts bent pose; shoulder/hip and waist contours not established in overview.
278	full	1.5	?	?	patterned jacket top trousers; shoulder/hip and waist contours not established in overview.
279	partial	?	?	?	oversized striped jacket cropped; shoulder/hip and waist contours not established in overview.
280	partial	1.5	?	?	white tee brown bottoms oblique; shoulder/hip and waist contours not established in overview.
281	full	1.5	?	?	red tiered mini; shoulder/hip and waist contours not established in overview.
282	full	2	?	?	checked blazer pink top grey mini; shoulder/hip and waist contours not established in overview.
283	partial	2	?	?	patterned tunic tights; shoulder/hip and waist contours not established in overview.
284	full	2	?	?	green striped mini; shoulder/hip and waist contours not established in overview.
285	full	1.5	?	?	cream top plaid mini oblique; shoulder/hip and waist contours not established in overview.
286	full	1.5	?	?	cream top long pleated skirt; shoulder/hip and waist contours not established in overview.
287	full	1.5	?	?	blue shirt white trousers checked jacket; shoulder/hip and waist contours not established in overview.
288	partial	1.5	?	?	white ruffle crop black shorts; shoulder/hip and waist contours not established in overview.
289	partial	1.5	?	?	floral romper; shoulder/hip and waist contours not established in overview.
290	full	1.5	?	?	leather jacket blue flares; shoulder/hip and waist contours not established in overview.
291	full	1.5	?	?	black blazer white dress; shoulder/hip and waist contours not established in overview.
292	full	1.5	?	?	red jacket graphic mini leggings; shoulder/hip and waist contours not established in overview.
293	full	2	?	?	leopard top black midi; shoulder/hip and waist contours not established in overview.
294	full	1.5	?	?	leather jacket patterned leggings; shoulder/hip and waist contours not established in overview.
295	partial	1.5	?	?	grey tee black shorts oblique; shoulder/hip and waist contours not established in overview.
296	partial	1.5	?	?	black crop jacket jeans raised arms; shoulder/hip and waist contours not established in overview.
297	full	1.5	?	?	blue red plaid mini; shoulder/hip and waist contours not established in overview.
298	partial	?	?	?	turquoise jacket floral dress scarf; shoulder/hip and waist contours not established in overview.
299	full	1.5	?	?	black sleeveless dress; shoulder/hip and waist contours not established in overview.
300	full	1.5	?	?	yellow striped shift blue layer; shoulder/hip and waist contours not established in overview.
301	full	2	?	?	blue patterned mini balancing; shoulder/hip and waist contours not established in overview.
302	full	1.5	?	?	white mini checked scarf; shoulder/hip and waist contours not established in overview.
303	partial	1.5	?	?	pale floral romper; shoulder/hip and waist contours not established in overview.
304	full	1.5	?	?	lavender top green mini; shoulder/hip and waist contours not established in overview.
305	full	1.5	?	?	pale knit black mini raised leg; shoulder/hip and waist contours not established in overview.
306	full	1.5	?	?	cream top long pleated skirt; shoulder/hip and waist contours not established in overview.
307	full	1.5	?	?	tan cropped knit denim shorts; shoulder/hip and waist contours not established in overview.
308	full	1.5	0	1	Enlarged: fitted tank and shorts show similar shoulder and hip widths with moderate indentation.
309	full	1.5	?	?	fitted black top trousers heels; shoulder/hip and waist contours not established in overview.
310	full	1.5	?	?	white crop black leather trousers; shoulder/hip and waist contours not established in overview.
311	back	?	?	?	rear blouse mini; shoulder/hip and waist contours not established in overview.
312	full	1.5	?	?	green floral mini; shoulder/hip and waist contours not established in overview.
313	seated	1.5	?	?	white blouse navy mini; shoulder/hip and waist contours not established in overview.
314	full	1.5	?	?	red top white patterned mini; shoulder/hip and waist contours not established in overview.
315	partial	1.5	?	?	beige halter jumpsuit crossed arms; shoulder/hip and waist contours not established in overview.
316	full	1.5	?	?	black crop highwaist trousers grey layer; shoulder/hip and waist contours not established in overview.
317	partial	1.5	?	?	black lace top patterned trousers; shoulder/hip and waist contours not established in overview.
318	full	1.5	?	?	black mini side pose; shoulder/hip and waist contours not established in overview.
319	partial	1.5	?	?	black ruffled blouse patterned mini; shoulder/hip and waist contours not established in overview.
320	full	1.5	?	?	navy jacket white shirt jeans; shoulder/hip and waist contours not established in overview.
321	full	1.5	?	?	denim layer patterned mini; shoulder/hip and waist contours not established in overview.
322	full	1.5	?	?	grey jacket patterned cropped trousers; shoulder/hip and waist contours not established in overview.
323	full	1.5	?	?	beige dress tights instrument occlusion; shoulder/hip and waist contours not established in overview.
324	full	1.5	?	?	black blazer tan blouse flared jeans; shoulder/hip and waist contours not established in overview.
325	full	1.5	?	?	navy vest patterned shorts; shoulder/hip and waist contours not established in overview.
326	reject	?	?	?	extreme bent pose obscures outfit; shoulder/hip and waist contours not established in overview.
327	seated	1.5	?	?	black top red mini fishnets; shoulder/hip and waist contours not established in overview.
328	full	1.5	?	?	navy sweatshirt mini arms extended; shoulder/hip and waist contours not established in overview.
329	seated	1.5	?	?	white tee blue full skirt; shoulder/hip and waist contours not established in overview.
330	full	?	?	?	olive long jacket pink top layers; shoulder/hip and waist contours not established in overview.
331	full	1.5	?	?	plaid shirt white shorts; shoulder/hip and waist contours not established in overview.
332	seated	1.5	?	?	black tank beige mini; shoulder/hip and waist contours not established in overview.
333	full	1.5	?	?	dark floral mini; shoulder/hip and waist contours not established in overview.
334	full	1.5	?	?	grey tee tulle midi; shoulder/hip and waist contours not established in overview.
335	back	?	?	?	rear open back top shorts; shoulder/hip and waist contours not established in overview.
336	full	1.5	?	?	black blouse patterned mini; shoulder/hip and waist contours not established in overview.
337	full	1.5	?	?	pale blue ruffled dress; shoulder/hip and waist contours not established in overview.
338	full	?	?	?	oversized plaid shirt black trousers; shoulder/hip and waist contours not established in overview.
339	partial	1.5	?	?	white blouse black trousers; shoulder/hip and waist contours not established in overview.
340	full	1.5	?	?	red striped belted mini; shoulder/hip and waist contours not established in overview.
341	seated	1.5	?	?	grey mini seated; shoulder/hip and waist contours not established in overview.
342	full	1.5	?	?	pale shirt green trousers; shoulder/hip and waist contours not established in overview.
343	full	1.5	?	?	black loose jumpsuit heels; shoulder/hip and waist contours not established in overview.
344	full	1.5	?	?	biker jacket red plaid mini; shoulder/hip and waist contours not established in overview.
345	full	?	?	?	loose lace top flared jeans; shoulder/hip and waist contours not established in overview.
346	full	1.5	?	?	white tunic red tall boots; shoulder/hip and waist contours not established in overview.
347	full	1.5	?	?	white top black full skirt raised leg; shoulder/hip and waist contours not established in overview.
348	partial	1.5	?	?	red black ruffled dress veil; shoulder/hip and waist contours not established in overview.
349	full	1.5	?	?	long white blouse dark capris; shoulder/hip and waist contours not established in overview.
350	partial	?	?	?	loose white blouse cropped; shoulder/hip and waist contours not established in overview.
351	detail	?	?	?	upper chest crop yellow top blazer; shoulder/hip and waist contours not established in overview.
352	partial	1.5	?	?	striped knit pink shorts; shoulder/hip and waist contours not established in overview.
353	seated	1.5	?	?	printed jacket white shorts; shoulder/hip and waist contours not established in overview.
354	back	?	?	?	rear umbrella jeans; shoulder/hip and waist contours not established in overview.
355	full	1.5	?	?	blue fitted mini; shoulder/hip and waist contours not established in overview.
356	seated	1.5	?	?	pink maxi seated; shoulder/hip and waist contours not established in overview.
357	partial	?	?	?	fur collar jacket white top bag; shoulder/hip and waist contours not established in overview.
358	full	1.5	?	?	green asymmetric dress; shoulder/hip and waist contours not established in overview.
359	full	1.5	?	?	black dress red heels bent pose; shoulder/hip and waist contours not established in overview.
360	full	1.5	?	?	black dotted maxi; shoulder/hip and waist contours not established in overview.
361	partial	?	?	?	turquoise blouse belt cropped hips; shoulder/hip and waist contours not established in overview.
362	seated	1.5	?	?	beige top black tall socks; shoulder/hip and waist contours not established in overview.
363	full	1.5	?	?	blue highlow dress spread skirt; shoulder/hip and waist contours not established in overview.
364	partial	1.5	?	?	tied denim shirt patterned skirt; shoulder/hip and waist contours not established in overview.
365	full	1.5	?	?	white full skirt dress high angle; shoulder/hip and waist contours not established in overview.
366	seated	1.5	?	?	beige top burgundy skirt; shoulder/hip and waist contours not established in overview.
367	full	1.5	?	?	brown crop shorts sheer train; shoulder/hip and waist contours not established in overview.
368	full	1.5	?	?	black hoodie shorts; shoulder/hip and waist contours not established in overview.
369	seated	2	?	?	white blouse black shorts; shoulder/hip and waist contours not established in overview.
370	full	1.5	?	?	cream knit jeans raised leg; shoulder/hip and waist contours not established in overview.
371	partial	1.5	?	?	yellow knit denim shorts; shoulder/hip and waist contours not established in overview.
372	seated	1.5	?	?	white top black maxi reclining; shoulder/hip and waist contours not established in overview.
373	seated	1.5	?	?	floral dress seated; shoulder/hip and waist contours not established in overview.
374	partial	1.5	?	?	navy lace dress crossed arms; shoulder/hip and waist contours not established in overview.
375	seated	1.5	?	?	pale lace gown; shoulder/hip and waist contours not established in overview.
376	full	1.5	?	?	pink loose mini; shoulder/hip and waist contours not established in overview.
377	full	1.5	?	?	black graphic tee checked midi; shoulder/hip and waist contours not established in overview.
378	back	?	?	?	rear crop and mini; shoulder/hip and waist contours not established in overview.
379	full	1.5	?	?	blue jacket white top shorts; shoulder/hip and waist contours not established in overview.
380	seated	1.5	?	?	colorful jacket shorts lattice boots; shoulder/hip and waist contours not established in overview.
381	full	?	?	?	grey coat patterned top jeans; shoulder/hip and waist contours not established in overview.
382	full	1.5	?	?	leather vest tee leather trousers; shoulder/hip and waist contours not established in overview.
383	seated	1.5	?	?	blue bodysuit lattice boots raised leg; shoulder/hip and waist contours not established in overview.
384	full	1.5	?	?	printed jacket black crop mini; shoulder/hip and waist contours not established in overview.
385	partial	?	?	?	white fur coat; shoulder/hip and waist contours not established in overview.
386	full	1.5	?	?	black peplum dress; shoulder/hip and waist contours not established in overview.
387	partial	1.5	?	?	brown coat white blouse pencil skirt; shoulder/hip and waist contours not established in overview.
388	full	1.5	?	?	purple floral asymmetric dress; shoulder/hip and waist contours not established in overview.
389	detail	?	?	?	upper chest portrait crossed arms; shoulder/hip and waist contours not established in overview.
390	full	1.5	?	?	red crochet crop flared trousers; shoulder/hip and waist contours not established in overview.
391	partial	1.5	?	?	floral jacket white top; shoulder/hip and waist contours not established in overview.
392	partial	1.5	?	?	green floral dress; shoulder/hip and waist contours not established in overview.
393	full	?	?	?	striped fur red skirt blue leggings; shoulder/hip and waist contours not established in overview.
394	full	1.5	?	?	black cardigan red full skirt; shoulder/hip and waist contours not established in overview.
395	full	1.5	?	?	pink floral mini; shoulder/hip and waist contours not established in overview.
396	full	2	?	?	denim jacket yellow top blue mini; shoulder/hip and waist contours not established in overview.
397	full	1.5	?	?	black crop colorblock mini; shoulder/hip and waist contours not established in overview.
398	seated	1.5	?	?	checked blouse beige skirt; shoulder/hip and waist contours not established in overview.
399	seated	1.5	?	?	white dress; shoulder/hip and waist contours not established in overview.
400	partial	1.5	?	?	purple sleeveless top cropped hips; shoulder/hip and waist contours not established in overview.
401	seated	1.5	?	?	coral blouse white trousers; shoulder/hip and waist contours not established in overview.
402	full	1.5	?	?	dark cardigan floral mini; shoulder/hip and waist contours not established in overview.
403	full	1.5	?	?	denim jacket black mini; shoulder/hip and waist contours not established in overview.
404	full	1.5	?	?	grey fitted set oblique pose; shoulder/hip and waist contours not established in overview.
405	seated	1.5	?	?	red top black full skirt; shoulder/hip and waist contours not established in overview.
406	full	?	?	?	floral jacket long navy dress; shoulder/hip and waist contours not established in overview.
407	full	1.5	?	?	patterned blouse black cropped trousers; shoulder/hip and waist contours not established in overview.
408	partial	1.5	?	?	blue velvet mini; shoulder/hip and waist contours not established in overview.
409	seated	1.5	?	?	grey knit blue trousers; shoulder/hip and waist contours not established in overview.
410	seated	?	?	?	fur jacket ripped jeans; shoulder/hip and waist contours not established in overview.
411	full	1.5	?	?	denim crop white skirt; shoulder/hip and waist contours not established in overview.
412	seated	1.5	?	?	green layer black mini; shoulder/hip and waist contours not established in overview.
413	partial	1.5	?	?	white fitted tee denim mini profile; shoulder/hip and waist contours not established in overview.
414	reject	?	?	?	bent over pose obscures outfit; shoulder/hip and waist contours not established in overview.
415	partial	1.5	?	?	black crop jeans; shoulder/hip and waist contours not established in overview.
416	full	1.5	?	?	white crop wide plaid trousers; shoulder/hip and waist contours not established in overview.
417	full	1.5	?	?	black knit red pleated mini; shoulder/hip and waist contours not established in overview.
418	partial	2	?	?	blue crochet top; shoulder/hip and waist contours not established in overview.
419	seated	1.5	?	?	strapless patterned mini; shoulder/hip and waist contours not established in overview.
420	full	1.5	?	?	white lace romper; shoulder/hip and waist contours not established in overview.
421	partial	1.5	?	?	black jacket shorts; shoulder/hip and waist contours not established in overview.
422	full	2	0	1	Enlarged: fitted yellow gown shows similar shoulder and hip widths with moderate indentation; not inferred from belt alone.
423	seated	1.5	?	?	coral knit denim shorts; shoulder/hip and waist contours not established in overview.
424	seated	1.5	?	?	white wrap mini; shoulder/hip and waist contours not established in overview.
425	full	1.5	?	?	coral tank navy leggings; shoulder/hip and waist contours not established in overview.
426	full	1.5	?	?	cream ruffled top black trousers; shoulder/hip and waist contours not established in overview.
427	full	1.5	?	?	navy blazer fitted trousers; shoulder/hip and waist contours not established in overview.
428	full	1.5	?	?	black blazer white blouse leather trousers; shoulder/hip and waist contours not established in overview.
429	full	2	?	?	yellow midi; shoulder/hip and waist contours not established in overview.
430	back	?	?	?	rear black top full green skirt; shoulder/hip and waist contours not established in overview.
431	partial	1.5	?	?	white blouse denim shorts oblique; shoulder/hip and waist contours not established in overview.
432	full	2	?	?	white shirt brown pencil skirt; shoulder/hip and waist contours not established in overview.
433	full	1.5	?	?	pink halter tunic jeans; shoulder/hip and waist contours not established in overview.
434	partial	1.5	?	?	yellow gown held skirt; shoulder/hip and waist contours not established in overview.
435	partial	1.5	?	?	white fitted top denim shorts; shoulder/hip and waist contours not established in overview.
436	seated	1.5	?	?	olive crop denim shorts; shoulder/hip and waist contours not established in overview.
437	partial	1.5	?	?	black knit jeans raised arms; shoulder/hip and waist contours not established in overview.
438	full	1.5	?	?	turquoise tunic dark capris; shoulder/hip and waist contours not established in overview.
439	full	1.5	?	?	white shirt flared jeans; shoulder/hip and waist contours not established in overview.
440	partial	1.5	?	?	oversized leather jacket denim shorts; shoulder/hip and waist contours not established in overview.
441	full	?	?	?	beige trench dress; shoulder/hip and waist contours not established in overview.
442	full	1.5	?	?	navy jersey dark trousers; shoulder/hip and waist contours not established in overview.
443	full	1.5	?	?	white midi tan vest; shoulder/hip and waist contours not established in overview.
444	full	?	?	?	black trench boots; shoulder/hip and waist contours not established in overview.
445	seated	1.5	?	?	pink full skirt dress; shoulder/hip and waist contours not established in overview.
446	full	1.5	0	?	Enlarged: similar shoulder and hip widths; layered loose top hides waist.
447	partial	1.5	?	?	red blouse navy full skirt; shoulder/hip and waist contours not established in overview.
448	partial	1.5	?	?	patterned blouse dark skirt; shoulder/hip and waist contours not established in overview.
449	full	1.5	?	?	orange striped maxi; shoulder/hip and waist contours not established in overview.
450	reject	?	?	?	headless backbend outfit obscured; shoulder/hip and waist contours not established in overview.
451	full	1.5	?	?	grey blouse black mini; shoulder/hip and waist contours not established in overview.
452	back	?	?	?	rear black top denim shorts; shoulder/hip and waist contours not established in overview.
453	full	1.5	?	?	black crop highwaist trousers; shoulder/hip and waist contours not established in overview.
454	full	1.5	?	?	white wrap mini profile; shoulder/hip and waist contours not established in overview.
455	partial	1.5	?	?	cream strapless dress raised arms; shoulder/hip and waist contours not established in overview.
456	full	1.5	?	?	printed jacket beige mini walking; shoulder/hip and waist contours not established in overview.
457	partial	1.5	0	?	Enlarged: similar shoulder and hip widths; boxy crop hides waist contour.
458	seated	1.5	?	?	striped top black shorts reclining; shoulder/hip and waist contours not established in overview.
459	partial	1.5	?	?	floral bomber pink shorts oblique; shoulder/hip and waist contours not established in overview.
460	reject	?	?	?	distant small red dress subject; shoulder/hip and waist contours not established in overview.
461	seated	1.5	?	?	patterned dress seated; shoulder/hip and waist contours not established in overview.
462	full	1.5	?	?	cream coat blue trousers; shoulder/hip and waist contours not established in overview.
463	full	1.5	?	?	green fitted knee dress; shoulder/hip and waist contours not established in overview.
464	full	?	?	?	black coat jeans walking; shoulder/hip and waist contours not established in overview.
465	partial	1.5	?	?	white cami orange trousers; shoulder/hip and waist contours not established in overview.
466	full	1.5	0	1	Enlarged: fitted red dress supports similar widths and moderate indentation.
467	full	1.5	?	?	black top beige pleated midi; shoulder/hip and waist contours not established in overview.
468	full	1.5	?	?	pink jacket cream mini; shoulder/hip and waist contours not established in overview.
469	partial	1.5	?	?	striped tank black trousers raised arm; shoulder/hip and waist contours not established in overview.
470	full	1.5	?	?	taupe fitted midi; shoulder/hip and waist contours not established in overview.
471	seated	1.5	?	?	pink floral tunic trousers; shoulder/hip and waist contours not established in overview.
472	full	1.5	?	?	pink floral tunic cropped trousers; shoulder/hip and waist contours not established in overview.
473	full	1.5	?	?	black top red full skirt; shoulder/hip and waist contours not established in overview.
474	back	?	?	?	rear pink patterned mini; shoulder/hip and waist contours not established in overview.
475	partial	1.5	?	?	striped tied top black trousers; shoulder/hip and waist contours not established in overview.
476	full	1.5	?	?	red blue strapless gown; shoulder/hip and waist contours not established in overview.
477	full	1.5	?	?	black pinstripe pantsuit; shoulder/hip and waist contours not established in overview.
478	back	?	?	?	rear red backless jumpsuit; shoulder/hip and waist contours not established in overview.
479	full	1.5	?	?	white midi long layer; shoulder/hip and waist contours not established in overview.
480	full	1.5	?	?	belted grey top jeans tall boots; shoulder/hip and waist contours not established in overview.
481	partial	1.5	?	?	black blazer patterned blouse; shoulder/hip and waist contours not established in overview.
482	partial	1.5	?	?	striped mini hand on hip; shoulder/hip and waist contours not established in overview.
483	seated	1.5	?	?	red halter white shorts; shoulder/hip and waist contours not established in overview.
484	full	1.5	?	?	striped crop black shorts raised leg; shoulder/hip and waist contours not established in overview.
485	seated	1.5	?	?	striped top dark shorts; shoulder/hip and waist contours not established in overview.
486	partial	1.5	?	?	white tied crop black shorts raised arms; shoulder/hip and waist contours not established in overview.
487	full	1.5	?	?	fringed layer dark trousers balancing; shoulder/hip and waist contours not established in overview.
488	full	1.5	?	?	plaid long shirt shorts; shoulder/hip and waist contours not established in overview.
489	partial	1.5	?	?	yellow crop pink shorts side; shoulder/hip and waist contours not established in overview.
490	full	1.5	?	?	black knit jeans; shoulder/hip and waist contours not established in overview.
491	seated	1.5	?	?	plaid shirt jeans; shoulder/hip and waist contours not established in overview.
492	partial	1.5	?	?	black knit mini tights; shoulder/hip and waist contours not established in overview.
493	full	1.5	?	?	loose pink tunic shorts; shoulder/hip and waist contours not established in overview.
494	full	1.5	?	?	leopard top silver trousers profile; shoulder/hip and waist contours not established in overview.
495	partial	1.5	?	?	pink bodycon raised arm; shoulder/hip and waist contours not established in overview.
496	full	1.5	?	?	floral crop black midi; shoulder/hip and waist contours not established in overview.
497	full	?	?	?	loose black white maxi; shoulder/hip and waist contours not established in overview.
498	full	1.5	?	?	blue shirt dress; shoulder/hip and waist contours not established in overview.
499	full	1.5	?	?	striped knee dress; shoulder/hip and waist contours not established in overview.
500	full	1.5	?	?	pale blue shift; shoulder/hip and waist contours not established in overview.
501	full	?	?	?	beige loose midi scarf; shoulder/hip and waist contours not established in overview.
502	full	1.5	?	?	white blouse wide denim; shoulder/hip and waist contours not established in overview.
503	full	1.5	?	?	long black tank leggings; shoulder/hip and waist contours not established in overview.
504	partial	1.5	?	?	white tank jeans oblique; shoulder/hip and waist contours not established in overview.
505	partial	?	?	?	long tan coat crossed arms; shoulder/hip and waist contours not established in overview.
506	full	1.5	?	?	olive vest black fitted trousers; shoulder/hip and waist contours not established in overview.
507	seated	1.5	?	?	black lace highlow dress; shoulder/hip and waist contours not established in overview.
508	partial	1.5	?	?	white blouse leopard skirt; shoulder/hip and waist contours not established in overview.
509	partial	1.5	?	?	yellow mini; shoulder/hip and waist contours not established in overview.
510	seated	1.5	?	?	striped tank jeans reclining; shoulder/hip and waist contours not established in overview.
511	seated	1.5	?	?	black blazer shorts seated; shoulder/hip and waist contours not established in overview.
512	seated	1.5	?	?	patterned mini; shoulder/hip and waist contours not established in overview.
513	partial	1.5	?	?	red halter full skirt; shoulder/hip and waist contours not established in overview.
514	full	1.5	?	?	white tee navy trousers yellow scarf; shoulder/hip and waist contours not established in overview.
515	full	?	?	?	oversized white shirt red thigh boots; shoulder/hip and waist contours not established in overview.
516	full	1.5	?	?	charcoal mini raised leg; shoulder/hip and waist contours not established in overview.
517	full	1.5	?	?	blue jacket patterned mini; shoulder/hip and waist contours not established in overview.
518	back	?	?	?	rear green dress; shoulder/hip and waist contours not established in overview.
519	seated	1.5	?	?	black leather mini; shoulder/hip and waist contours not established in overview.
520	full	1.5	?	?	grey shirt jeans suitcase occlusion; shoulder/hip and waist contours not established in overview.
521	full	1.5	?	?	black mini side; shoulder/hip and waist contours not established in overview.
522	partial	1.5	?	?	striped colorblock mini; shoulder/hip and waist contours not established in overview.
523	seated	1.5	?	?	red romper; shoulder/hip and waist contours not established in overview.
524	seated	1.5	?	?	black white mini; shoulder/hip and waist contours not established in overview.
525	full	1.5	?	?	grey top yellow full maxi; shoulder/hip and waist contours not established in overview.
526	full	2	?	?	striped top pink shorts; shoulder/hip and waist contours not established in overview.
527	partial	1.5	?	?	white romper arm extended; shoulder/hip and waist contours not established in overview.
528	full	1.5	?	?	charcoal tank green full skirt; shoulder/hip and waist contours not established in overview.
529	partial	1.5	?	?	dotted blouse red skirt; shoulder/hip and waist contours not established in overview.
530	full	1.5	?	?	teal blouse leather trousers; shoulder/hip and waist contours not established in overview.
531	seated	1.5	?	?	patterned top denim shorts; shoulder/hip and waist contours not established in overview.
532	full	1.5	?	?	pink dress large scarf; shoulder/hip and waist contours not established in overview.
533	full	1.5	?	?	black jacket trousers; shoulder/hip and waist contours not established in overview.
534	partial	2	?	?	black tee jeans; shoulder/hip and waist contours not established in overview.
535	partial	1.5	?	?	navy work shirt trousers; shoulder/hip and waist contours not established in overview.
536	full	2	?	?	black tee loose trousers; shoulder/hip and waist contours not established in overview.
537	seated	1.5	?	?	white maxi low light; shoulder/hip and waist contours not established in overview.
538	full	1.5	?	?	purple knit mini; shoulder/hip and waist contours not established in overview.
539	full	2	?	?	blue patterned knit mini; shoulder/hip and waist contours not established in overview.
540	detail	?	?	?	head shoulder oblique crop; shoulder/hip and waist contours not established in overview.
541	seated	1.5	?	?	leopard mini; shoulder/hip and waist contours not established in overview.
542	full	1.5	?	?	black patterned mini; shoulder/hip and waist contours not established in overview.
543	full	1.5	?	?	white belted mini; shoulder/hip and waist contours not established in overview.
544	full	1.5	?	?	black blazer mini shorts; shoulder/hip and waist contours not established in overview.
545	full	1.5	?	?	red coat black mini; shoulder/hip and waist contours not established in overview.
546	seated	1.5	?	?	grey top shorts; shoulder/hip and waist contours not established in overview.
547	full	1.5	?	?	dark pantsuit white shirt; shoulder/hip and waist contours not established in overview.
548	full	1.5	?	?	brown flared mini raised leg; shoulder/hip and waist contours not established in overview.
549	full	1.5	?	?	grey jacket patterned mini leggings; shoulder/hip and waist contours not established in overview.
550	seated	1.5	?	?	pink mini; shoulder/hip and waist contours not established in overview.
551	reject	?	?	?	heavily desaturated seated gown; shoulder/hip and waist contours not established in overview.
552	back	?	?	?	rear black dress; shoulder/hip and waist contours not established in overview.
553	back	?	?	?	rear vest leather trousers; shoulder/hip and waist contours not established in overview.
554	partial	1.5	?	?	black open jacket white mini; shoulder/hip and waist contours not established in overview.
555	full	1.5	?	?	leather jacket white shorts; shoulder/hip and waist contours not established in overview.
556	back	?	?	?	rear grey tee black mini; shoulder/hip and waist contours not established in overview.
557	full	1.5	?	1	Enlarged: fitted top supports moderate indentation; turned posture and sleeve ruffles obscure shoulder comparison.
558	full	1.5	?	?	navy coat mini red scarf; shoulder/hip and waist contours not established in overview.
559	full	1.5	?	?	grey wide jumpsuit; shoulder/hip and waist contours not established in overview.
560	full	1.5	?	?	black mini raised leg; shoulder/hip and waist contours not established in overview.
561	reject	?	?	?	closer repeat pink dress at 562; shoulder/hip and waist contours not established in overview.
562	full	1.5	?	?	pink strapless knee dress; shoulder/hip and waist contours not established in overview.
563	full	1.5	?	?	denim jacket grey ruffled mini; shoulder/hip and waist contours not established in overview.
564	partial	1.5	?	?	burgundy satin mini bent pose; shoulder/hip and waist contours not established in overview.
565	seated	1.5	?	?	patterned knit jeans; shoulder/hip and waist contours not established in overview.
566	full	?	?	?	checked jacket purple trousers; shoulder/hip and waist contours not established in overview.
567	partial	1.5	?	?	yellow belted mini; shoulder/hip and waist contours not established in overview.
568	back	?	?	?	rear openback black dress; shoulder/hip and waist contours not established in overview.
569	full	1.5	?	?	grey long layer black mini; shoulder/hip and waist contours not established in overview.
570	full	1.5	?	?	long white blouse black trousers; shoulder/hip and waist contours not established in overview.
571	full	?	?	?	heavy pink trench boots; shoulder/hip and waist contours not established in overview.
572	partial	1.5	?	?	white tiered mini; shoulder/hip and waist contours not established in overview.
573	full	1.5	?	?	white loose top patterned mini; shoulder/hip and waist contours not established in overview.
574	partial	1.5	?	?	red jacket jeans leaning; shoulder/hip and waist contours not established in overview.
575	full	1.5	?	?	white draped top black mini; shoulder/hip and waist contours not established in overview.
576	seated	1.5	?	?	white cardigan black mini; shoulder/hip and waist contours not established in overview.
577	full	2	?	?	red belted gown; shoulder/hip and waist contours not established in overview.
578	full	2	?	?	grey knit black pleated mini; shoulder/hip and waist contours not established in overview.
579	full	1.5	?	?	white lace top jeans; shoulder/hip and waist contours not established in overview.
580	partial	1.5	?	?	tan tee black shorts hands on hips; shoulder/hip and waist contours not established in overview.
581	partial	1.5	?	?	blue patterned highlow dress profile; shoulder/hip and waist contours not established in overview.
582	full	2	?	?	Enlarged: turned torso and crossed arm obscure shoulder and waist comparisons.
583	partial	1.5	?	?	white graphic tee denim shorts; shoulder/hip and waist contours not established in overview.
584	full	1.5	?	?	red jacket black dungarees heels; shoulder/hip and waist contours not established in overview.
585	back	?	?	?	rear cream dress; shoulder/hip and waist contours not established in overview.
586	reject	?	?	?	repeated cream dress at 589; shoulder/hip and waist contours not established in overview.
587	reject	?	?	?	repeated white dress at 592; shoulder/hip and waist contours not established in overview.
588	full	1.5	?	?	white tee grey trousers; shoulder/hip and waist contours not established in overview.
589	full	1.5	?	?	cream flared dress wide sleeves; shoulder/hip and waist contours not established in overview.
590	partial	?	?	?	denim jacket dark trousers; shoulder/hip and waist contours not established in overview.
591	full	?	?	?	black coat patterned leggings; shoulder/hip and waist contours not established in overview.
592	full	1.5	?	?	white flared dress; shoulder/hip and waist contours not established in overview.
593	full	1.5	?	?	grey patterned tunic black capris; shoulder/hip and waist contours not established in overview.
594	back	?	?	?	rear floral dress; shoulder/hip and waist contours not established in overview.
595	back	?	?	?	rear black mini; shoulder/hip and waist contours not established in overview.
596	full	1.5	?	?	white graphic tank denim shorts; shoulder/hip and waist contours not established in overview.
597	full	1.5	?	?	denim shirt plaid mini; shoulder/hip and waist contours not established in overview.
598	full	1.5	?	?	black top jeans profile; shoulder/hip and waist contours not established in overview.
599	full	1.5	?	?	pale pink knit black trousers; shoulder/hip and waist contours not established in overview.
600	partial	1.5	?	?	white floral dress crossed arms; shoulder/hip and waist contours not established in overview.
601	full	1.5	?	?	beige lace maxi; shoulder/hip and waist contours not established in overview.
602	full	?	?	?	grey long coat black trousers; shoulder/hip and waist contours not established in overview.
603	full	1.5	?	?	black sleeveless midi; shoulder/hip and waist contours not established in overview.
604	full	1.5	?	?	blue top shorts wide stance; shoulder/hip and waist contours not established in overview.
605	partial	1.5	?	?	white tank dark trousers raised arms; shoulder/hip and waist contours not established in overview.
606	full	1.5	?	?	navy flared mini side; shoulder/hip and waist contours not established in overview.
607	seated	1.5	?	?	black top white lace skirt; shoulder/hip and waist contours not established in overview.
608	seated	1.5	?	?	pale pink tank dark trousers; shoulder/hip and waist contours not established in overview.
609	full	1.5	?	?	black crop tailored trousers walking; shoulder/hip and waist contours not established in overview.
610	full	?	?	?	patterned long jacket black trousers; shoulder/hip and waist contours not established in overview.
611	partial	1.5	?	?	black tank denim shorts; shoulder/hip and waist contours not established in overview.
612	full	1.5	?	?	black strapless romper; shoulder/hip and waist contours not established in overview.
613	partial	1.5	?	?	black graphic crop denim shorts; shoulder/hip and waist contours not established in overview.
614	partial	1.5	?	?	grey tank black trousers profile; shoulder/hip and waist contours not established in overview.
615	seated	1.5	?	?	olive draped dress; shoulder/hip and waist contours not established in overview.
616	partial	?	?	?	burgundy jacket jeans; shoulder/hip and waist contours not established in overview.
617	seated	2	?	?	dark strapless gown; shoulder/hip and waist contours not established in overview.
618	full	1.5	?	?	white slit gown; shoulder/hip and waist contours not established in overview.
619	full	1.5	?	?	yellow tank jeans arms extended; shoulder/hip and waist contours not established in overview.
620	seated	?	?	?	black wide jumpsuit reclining; shoulder/hip and waist contours not established in overview.
621	full	1.5	?	?	white gown; shoulder/hip and waist contours not established in overview.
622	partial	1.5	?	?	white cardigan pleated dress; shoulder/hip and waist contours not established in overview.
623	partial	1.5	?	?	beige blouse jeans; shoulder/hip and waist contours not established in overview.
624	full	1.5	?	?	denim jacket jeans; shoulder/hip and waist contours not established in overview.
625	full	1.5	?	?	leather jacket jeans bent; shoulder/hip and waist contours not established in overview.
626	back	?	?	?	side rear denim dynamic pose; shoulder/hip and waist contours not established in overview.
627	full	1.5	?	?	black jacket leggings heels; shoulder/hip and waist contours not established in overview.
628	partial	1.5	?	?	white mini crossed arms; shoulder/hip and waist contours not established in overview.
629	full	1.5	?	?	leather jacket denim midi; shoulder/hip and waist contours not established in overview.
630	seated	1.5	?	?	white long layer black trousers; shoulder/hip and waist contours not established in overview.
631	full	1.5	?	?	patterned top black mini tights; shoulder/hip and waist contours not established in overview.
632	full	2	?	?	black bubble dress; shoulder/hip and waist contours not established in overview.
633	partial	?	?	?	black jacket yellow patterned trousers; shoulder/hip and waist contours not established in overview.
634	full	1.5	?	?	grey top black midi; shoulder/hip and waist contours not established in overview.
635	back	?	?	?	rear white slip; shoulder/hip and waist contours not established in overview.
636	partial	1.5	?	?	graphic tee plaid shorts; shoulder/hip and waist contours not established in overview.
637	full	1.5	?	?	tan pantsuit; shoulder/hip and waist contours not established in overview.
638	full	?	?	?	hooded navy coat leggings; shoulder/hip and waist contours not established in overview.
639	seated	1.5	?	?	graphic tee black trousers; shoulder/hip and waist contours not established in overview.
640	full	1.5	?	?	white tee black shorts; shoulder/hip and waist contours not established in overview.
641	full	1.5	?	?	red mini profile; shoulder/hip and waist contours not established in overview.
642	partial	2	?	?	floral mini; shoulder/hip and waist contours not established in overview.
643	full	1.5	?	?	striped crop black midi; shoulder/hip and waist contours not established in overview.
644	partial	?	?	?	loose black tunic jeans; shoulder/hip and waist contours not established in overview.
645	full	1.5	?	?	white blouse green patterned trousers; shoulder/hip and waist contours not established in overview.
646	full	1.5	?	?	white offshoulder top jeans; shoulder/hip and waist contours not established in overview.
647	full	1.5	?	?	white shirt grey jeans raised leg; shoulder/hip and waist contours not established in overview.
648	full	?	?	?	dark padded coat black trousers; shoulder/hip and waist contours not established in overview.
649	partial	?	?	?	headless striped blouse shorts; shoulder/hip and waist contours not established in overview.
650	seated	1.5	?	?	blue sport jumpsuit; shoulder/hip and waist contours not established in overview.
651	partial	1.5	?	?	floral blouse magenta trousers; shoulder/hip and waist contours not established in overview.
652	full	1.5	?	?	beige mini; shoulder/hip and waist contours not established in overview.
653	full	1.5	?	?	striped mini arms extended; shoulder/hip and waist contours not established in overview.
654	back	?	?	?	rear floral mini; shoulder/hip and waist contours not established in overview.
655	full	?	?	?	plaid coat umbrella occlusion; shoulder/hip and waist contours not established in overview.
656	full	1.5	?	?	red trench pleated skirt; shoulder/hip and waist contours not established in overview.
657	back	?	?	?	rear leather jacket grey skirt; shoulder/hip and waist contours not established in overview.
658	full	1.5	?	?	denim jacket jeans red flats; shoulder/hip and waist contours not established in overview.
659	full	1.5	?	?	navy top grey pencil skirt; shoulder/hip and waist contours not established in overview.
660	full	?	?	?	oversized bomber dark jeans; shoulder/hip and waist contours not established in overview.
661	full	1.5	?	?	black cutout top layer trousers; shoulder/hip and waist contours not established in overview.
662	full	1.5	?	?	yellow top black midi; shoulder/hip and waist contours not established in overview.
663	full	?	?	?	navy coat burgundy dress; shoulder/hip and waist contours not established in overview.
664	full	?	?	?	navy coat red scarf; shoulder/hip and waist contours not established in overview.
665	full	1.5	?	?	beige blazer coral pencil skirt; shoulder/hip and waist contours not established in overview.
666	partial	1.5	?	?	black jacket blue shirt trousers; shoulder/hip and waist contours not established in overview.
667	partial	1.5	?	?	dark jacket blue shirt dress; shoulder/hip and waist contours not established in overview.
668	full	1.5	?	?	grey jacket white tee jeans; shoulder/hip and waist contours not established in overview.
669	full	?	?	?	beige trench profile; shoulder/hip and waist contours not established in overview.
670	full	1.5	?	?	green wrap maxi; shoulder/hip and waist contours not established in overview.
671	seated	1.5	?	?	striped knit black trousers; shoulder/hip and waist contours not established in overview.
672	full	?	?	?	pink fur coat blue tights; shoulder/hip and waist contours not established in overview.
673	partial	1.5	?	?	brown blouse leather mini; shoulder/hip and waist contours not established in overview.
674	full	1.5	?	?	black tank white fringe mini; shoulder/hip and waist contours not established in overview.
675	partial	1.5	?	?	blue mini bent pose; shoulder/hip and waist contours not established in overview.
676	full	?	?	?	olive coat scarf trousers; shoulder/hip and waist contours not established in overview.
677	full	1.5	?	?	graphic tee denim shorts; shoulder/hip and waist contours not established in overview.
678	seated	1.5	?	?	denim vest graphic tee shorts; shoulder/hip and waist contours not established in overview.
679	full	1.5	?	1	Enlarged: fitted rib dress shows moderate indentation; raised arm and turned pose obscure shoulder comparison.
680	full	1.5	?	?	black tee wide trousers; shoulder/hip and waist contours not established in overview.
681	full	1.5	?	?	red jacket black mini; shoulder/hip and waist contours not established in overview.
682	full	1.5	?	?	navy draped jumpsuit; shoulder/hip and waist contours not established in overview.
683	partial	1.5	?	?	open black blazer jeans; shoulder/hip and waist contours not established in overview.
684	seated	1.5	?	?	fur vest short bottoms; shoulder/hip and waist contours not established in overview.
685	full	?	?	?	oversized black sweater trousers; shoulder/hip and waist contours not established in overview.
686	seated	1.5	?	?	red top patterned trousers; shoulder/hip and waist contours not established in overview.
687	partial	1.5	?	?	white graphic crop jeans; shoulder/hip and waist contours not established in overview.
688	partial	1.5	?	?	striped tube top denim mini; shoulder/hip and waist contours not established in overview.
689	full	?	?	?	black fur layer red mini; shoulder/hip and waist contours not established in overview.
690	full	1.5	?	?	black jacket burgundy mini; shoulder/hip and waist contours not established in overview.
691	reject	?	?	?	repeated jacket burgundy look; shoulder/hip and waist contours not established in overview.
692	seated	1.5	?	?	striped jumpsuit crouching; shoulder/hip and waist contours not established in overview.
693	partial	1.5	?	?	white loose blouse shorts; shoulder/hip and waist contours not established in overview.
694	full	1.5	?	?	burgundy crop mustard shorts; shoulder/hip and waist contours not established in overview.
695	partial	1.5	?	?	white knit black trousers; shoulder/hip and waist contours not established in overview.
696	reject	?	?	?	repeated white knit black trousers; shoulder/hip and waist contours not established in overview.
697	partial	1.5	?	?	open navy suit shirt collar; shoulder/hip and waist contours not established in overview.
698	partial	?	?	?	black layer large scarf; shoulder/hip and waist contours not established in overview.
699	partial	1.5	?	?	black fur crop black skirt; shoulder/hip and waist contours not established in overview.
700	full	?	?	?	patterned maxi black layer; shoulder/hip and waist contours not established in overview.
701	full	1.5	?	?	white blazer green mini; shoulder/hip and waist contours not established in overview.
702	full	1.5	?	?	grey black panel dress; shoulder/hip and waist contours not established in overview.
703	back	?	?	?	rear black jacket red trousers; shoulder/hip and waist contours not established in overview.
704	partial	1.5	?	?	purple tunic jeans; shoulder/hip and waist contours not established in overview.
705	reject	?	?	?	repeated purple tunic jeans; shoulder/hip and waist contours not established in overview.
706	full	1.5	?	?	white blouse dark fitted trousers; shoulder/hip and waist contours not established in overview.
707	partial	?	?	?	burgundy jacket denim shirt; shoulder/hip and waist contours not established in overview.
708	partial	2	?	?	red patterned tunic jeans; shoulder/hip and waist contours not established in overview.
709	partial	1.5	?	?	grey hoodie jeans scarf; shoulder/hip and waist contours not established in overview.
710	seated	1.5	?	?	white graphic tee black trousers; shoulder/hip and waist contours not established in overview.
711	full	1.5	?	?	orange patterned offshoulder top white trousers; shoulder/hip and waist contours not established in overview.
712	full	1.5	?	?	cream crop asymmetric skirt; shoulder/hip and waist contours not established in overview.
713	partial	2	?	?	magenta wrap dress; shoulder/hip and waist contours not established in overview.
714	full	1.5	?	?	grey open top black trousers; shoulder/hip and waist contours not established in overview.
715	full	1.5	?	?	plaid jumpsuit; shoulder/hip and waist contours not established in overview.
716	full	1.5	?	?	grey jacket striped dress; shoulder/hip and waist contours not established in overview.
717	full	1.5	?	?	cream blouse purple trousers; shoulder/hip and waist contours not established in overview.
718	full	?	?	?	gold long jacket trousers; shoulder/hip and waist contours not established in overview.
719	full	1.5	0	1	Enlarged: fitted pink dress shows similar shoulder and hip widths and moderate indentation.
720	full	1.5	?	?	white asymmetric dress; shoulder/hip and waist contours not established in overview.
721	full	1.5	?	?	black fitted top jeans; shoulder/hip and waist contours not established in overview.
722	partial	1.5	?	?	brown jacket black trousers; shoulder/hip and waist contours not established in overview.
723	partial	1.5	?	?	grey jacket jeans; shoulder/hip and waist contours not established in overview.
724	full	1.5	?	?	red tailored dress; shoulder/hip and waist contours not established in overview.
725	full	1.5	?	?	white strapless floral mini; shoulder/hip and waist contours not established in overview.
726	full	1.5	?	?	leather jacket pink top leggings; shoulder/hip and waist contours not established in overview.
727	full	2	?	?	metallic fitted knee dress; shoulder/hip and waist contours not established in overview.
728	full	1.5	?	?	black white top cream full mini; shoulder/hip and waist contours not established in overview.
729	partial	?	?	?	grey oversized dress; shoulder/hip and waist contours not established in overview.
730	full	1.5	?	?	white bridal mini raised leg; shoulder/hip and waist contours not established in overview.
731	full	1.5	?	?	grey top white asymmetric midi; shoulder/hip and waist contours not established in overview.
732	full	1.5	?	?	black lace midi; shoulder/hip and waist contours not established in overview.
733	full	1.5	?	?	black jacket yellow mini; shoulder/hip and waist contours not established in overview.
734	full	1.5	?	?	blue yellow full skirt dress; shoulder/hip and waist contours not established in overview.
735	full	1.5	?	?	grey asymmetric dress; shoulder/hip and waist contours not established in overview.
736	full	2	?	?	black tee trousers; shoulder/hip and waist contours not established in overview.
737	full	1.5	?	?	black sheer mini thigh boots; shoulder/hip and waist contours not established in overview.
738	full	1.5	?	?	silver full gown; shoulder/hip and waist contours not established in overview.
739	full	1.5	?	?	black shift thigh boots; shoulder/hip and waist contours not established in overview.
740	partial	1.5	?	?	silver top full patterned mini; shoulder/hip and waist contours not established in overview.
741	full	2	?	?	black maxi; shoulder/hip and waist contours not established in overview.
742	partial	1.5	?	?	coral fitted mini; shoulder/hip and waist contours not established in overview.
743	full	2	?	?	teal top pale trousers; shoulder/hip and waist contours not established in overview.
744	partial	1.5	?	?	white gown puff shoulders; shoulder/hip and waist contours not established in overview.
745	partial	1.5	?	?	white hoodie black trousers; shoulder/hip and waist contours not established in overview.
746	full	1.5	?	?	patterned strapless pencil dress; shoulder/hip and waist contours not established in overview.
747	full	1.5	?	?	white full skirt mini; shoulder/hip and waist contours not established in overview.
748	full	1.5	?	?	white patterned top black trousers; shoulder/hip and waist contours not established in overview.
749	reject	?	?	?	close repeat of 748; shoulder/hip and waist contours not established in overview.
750	partial	1.5	?	?	burgundy embroidered dress; shoulder/hip and waist contours not established in overview.
751	full	1.5	?	?	black asymmetric dress; shoulder/hip and waist contours not established in overview.
752	full	1.5	?	?	gold blouse patterned trousers; shoulder/hip and waist contours not established in overview.
753	full	1.5	?	?	black blouse leather mini; shoulder/hip and waist contours not established in overview.
754	partial	1.5	?	?	red lace dress profile; shoulder/hip and waist contours not established in overview.
755	partial	1.5	?	?	black halter jumpsuit bag occlusion; shoulder/hip and waist contours not established in overview.
756	full	1.5	?	?	black cutout mini; shoulder/hip and waist contours not established in overview.
757	full	?	?	?	white voluminous gown; shoulder/hip and waist contours not established in overview.
758	partial	1.5	?	?	pink dotted mini; shoulder/hip and waist contours not established in overview.
759	back	?	?	?	rear white mini; shoulder/hip and waist contours not established in overview.
760	reject	?	?	?	close repeat blue dress at 761; shoulder/hip and waist contours not established in overview.
761	full	1.5	?	?	blue draped mini; shoulder/hip and waist contours not established in overview.
762	reject	?	?	?	alternate blue dress pose; shoulder/hip and waist contours not established in overview.
763	full	1.5	?	?	coral blouse leopard wide trousers; shoulder/hip and waist contours not established in overview.
764	partial	1.5	?	?	white gold strapless dress; shoulder/hip and waist contours not established in overview.
765	full	1.5	?	?	purple top silver slit skirt; shoulder/hip and waist contours not established in overview.
766	full	1.5	?	?	cream top voluminous patterned skirt; shoulder/hip and waist contours not established in overview.
767	full	1.5	?	?	grey striped mini; shoulder/hip and waist contours not established in overview.
768	full	1.5	?	?	colorblock mini; shoulder/hip and waist contours not established in overview.
769	full	1.5	?	?	multicolor midi; shoulder/hip and waist contours not established in overview.
770	full	1.5	?	?	cream top yellow mini; shoulder/hip and waist contours not established in overview.
771	partial	1.5	?	?	white blouse orange shorts; shoulder/hip and waist contours not established in overview.
772	full	1.5	?	?	striped strapless knee dress; shoulder/hip and waist contours not established in overview.
773	full	1.5	?	?	cream tulle gown; shoulder/hip and waist contours not established in overview.
774	partial	1.5	?	?	denim jacket yellow dress; shoulder/hip and waist contours not established in overview.
775	partial	1.5	?	?	grey patterned mini; shoulder/hip and waist contours not established in overview.
776	partial	1.5	?	?	black peplum dark bottom; shoulder/hip and waist contours not established in overview.
777	partial	1.5	?	?	black loose dress scarf; shoulder/hip and waist contours not established in overview.
778	full	1.5	?	?	tan cape cream jumpsuit; shoulder/hip and waist contours not established in overview.
779	partial	1.5	?	?	black sheer top patterned full mini; shoulder/hip and waist contours not established in overview.
780	partial	?	?	?	orange cream jacket pleated skirt; shoulder/hip and waist contours not established in overview.
781	full	1.5	?	?	white lace gown; shoulder/hip and waist contours not established in overview.
782	reject	?	?	?	repeated white lace gown; shoulder/hip and waist contours not established in overview.
783	full	1.5	?	?	blue floral pencil dress; shoulder/hip and waist contours not established in overview.
784	full	1.5	?	?	purple peplum shorts; shoulder/hip and waist contours not established in overview.
785	back	?	?	?	rear patterned top leather trousers; shoulder/hip and waist contours not established in overview.
786	full	1.5	?	?	black leather top floral midi; shoulder/hip and waist contours not established in overview.
787	partial	1.5	?	?	black blazer slit skirt; shoulder/hip and waist contours not established in overview.
788	full	1.5	?	?	white fringe top black mini; shoulder/hip and waist contours not established in overview.
789	full	1.5	?	?	multicolor striped maxi; shoulder/hip and waist contours not established in overview.
790	full	1.5	?	?	white top grey patterned midi; shoulder/hip and waist contours not established in overview.
791	full	2	?	?	pink patterned knee dress; shoulder/hip and waist contours not established in overview.
792	back	?	?	?	rear blue jacket mini; shoulder/hip and waist contours not established in overview.
793	back	?	?	?	rear navy gown; shoulder/hip and waist contours not established in overview.
794	full	1.5	?	?	white top patterned mini; shoulder/hip and waist contours not established in overview.
795	full	1.5	?	?	grey top white cropped trousers; shoulder/hip and waist contours not established in overview.
796	full	1.5	?	?	beige patterned top full midi; shoulder/hip and waist contours not established in overview.
797	full	1.5	?	?	navy knee dress; shoulder/hip and waist contours not established in overview.
798	partial	1.5	?	?	grey pleated dress; shoulder/hip and waist contours not established in overview.
799	reject	?	?	?	repeated blue floral pencil dress; shoulder/hip and waist contours not established in overview.
800	full	1.5	?	?	purple full tulle gown; shoulder/hip and waist contours not established in overview.
801	back	?	?	?	rear ruffled gown; shoulder/hip and waist contours not established in overview.
802	partial	1.5	?	?	open black jacket trousers; shoulder/hip and waist contours not established in overview.
803	full	1.5	?	?	green mini thigh boots; shoulder/hip and waist contours not established in overview.
804	full	1.5	?	?	tan zigzag gown; shoulder/hip and waist contours not established in overview.
805	full	1.5	?	?	dark striped sheer gown; shoulder/hip and waist contours not established in overview.
806	full	1.5	?	?	white banded dress; shoulder/hip and waist contours not established in overview.
807	full	1.5	?	?	black jacket plaid pale dress; shoulder/hip and waist contours not established in overview.
808	partial	1.5	?	?	plaid shirt black trousers; shoulder/hip and waist contours not established in overview.
809	partial	1.5	?	?	black jacket bow blouse grey shorts; shoulder/hip and waist contours not established in overview.
810	reject	?	?	?	repeated plaid pale dress; shoulder/hip and waist contours not established in overview.
811	full	1.5	?	?	black slit gown; shoulder/hip and waist contours not established in overview.
812	full	1.5	?	?	black full skirt midi; shoulder/hip and waist contours not established in overview.
813	full	1.5	?	?	coral flared mini; shoulder/hip and waist contours not established in overview.
814	full	1.5	?	?	dark slit gown; shoulder/hip and waist contours not established in overview.
815	full	1.5	?	?	navy panel slit gown; shoulder/hip and waist contours not established in overview.
816	full	1.5	?	?	black cami purple shorts; shoulder/hip and waist contours not established in overview.
817	full	1.5	?	?	blue blouse black shorts; shoulder/hip and waist contours not established in overview.
818	full	1.5	?	?	white ruffled mini profile; shoulder/hip and waist contours not established in overview.
819	full	1.5	?	?	peach maxi profile; shoulder/hip and waist contours not established in overview.
820	full	1.5	?	?	black asymmetric mini; shoulder/hip and waist contours not established in overview.
821	full	1.5	?	?	burgundy jacket dark trousers; shoulder/hip and waist contours not established in overview.
822	full	1.5	?	?	tan crop white pencil skirt; shoulder/hip and waist contours not established in overview.
823	full	?	?	?	dark coat jeans; shoulder/hip and waist contours not established in overview.
824	full	1.5	?	?	black asymmetric midi; shoulder/hip and waist contours not established in overview.
825	full	1.5	0	1	Enlarged: fitted tee and pencil skirt show similar widths and moderate indentation.
826	full	1.5	?	?	white gown; shoulder/hip and waist contours not established in overview.
827	full	1.5	?	?	grey patterned yoke mini; shoulder/hip and waist contours not established in overview.
828	full	1.5	?	?	red floral asymmetric dress; shoulder/hip and waist contours not established in overview.
829	full	1.5	?	?	black contrast neckline midi; shoulder/hip and waist contours not established in overview.
830	full	?	?	?	black draped dress; shoulder/hip and waist contours not established in overview.
831	full	1.5	?	?	jacket pink knit blue capris; shoulder/hip and waist contours not established in overview.
832	full	?	?	?	grey belted coat trousers; shoulder/hip and waist contours not established in overview.
833	full	1.5	?	?	black vest shorts tights profile; shoulder/hip and waist contours not established in overview.
834	full	1.5	?	?	white top pink mini profile; shoulder/hip and waist contours not established in overview.
835	full	1.5	?	?	black tank pink shorts; shoulder/hip and waist contours not established in overview.
836	full	1.5	?	?	black strapless top patterned maxi; shoulder/hip and waist contours not established in overview.
837	full	1.5	?	?	red ruched mini; shoulder/hip and waist contours not established in overview.
838	full	1.5	?	?	red jacket black full mini; shoulder/hip and waist contours not established in overview.
839	full	1.5	?	?	pink lace tulle mini; shoulder/hip and waist contours not established in overview.
840	full	1.5	?	?	red full skirt midi; shoulder/hip and waist contours not established in overview.
841	full	1.5	?	?	red jacket black trousers; shoulder/hip and waist contours not established in overview.
842	full	1.5	?	?	black wrap top purple cropped trousers; shoulder/hip and waist contours not established in overview.
843	full	1.5	?	?	green jacket leather trousers; shoulder/hip and waist contours not established in overview.
844	reject	?	?	?	repeated jacket trousers colorway; shoulder/hip and waist contours not established in overview.
845	full	1.5	?	?	orange shift; shoulder/hip and waist contours not established in overview.
846	reject	?	?	?	repeated red jacket black skirt; shoulder/hip and waist contours not established in overview.
847	full	1.5	?	?	black long vest tan mini; shoulder/hip and waist contours not established in overview.
848	full	1.5	?	?	dark floral mini; shoulder/hip and waist contours not established in overview.
849	full	1.5	?	?	colorful fitted knee dress; shoulder/hip and waist contours not established in overview.
850	full	1.5	?	?	pink lace full mini; shoulder/hip and waist contours not established in overview.
851	reject	?	?	?	gold colorway of lace mini; shoulder/hip and waist contours not established in overview.
852	full	1.5	?	?	gold lace maxi; shoulder/hip and waist contours not established in overview.
853	full	1.5	?	?	black blouse patterned pencil skirt; shoulder/hip and waist contours not established in overview.
854	full	1.5	?	?	yellow knit black leather shorts; shoulder/hip and waist contours not established in overview.
855	full	1.5	?	?	hotpink tiered gown; shoulder/hip and waist contours not established in overview.
856	full	1.5	?	?	striped white gown; shoulder/hip and waist contours not established in overview.
857	full	2	?	?	red lace gown; shoulder/hip and waist contours not established in overview.
858	full	1.5	?	?	white lace full gown; shoulder/hip and waist contours not established in overview.
859	full	1.5	?	?	black crop midi red beanie; shoulder/hip and waist contours not established in overview.
860	full	1.5	?	?	black velvet mini; shoulder/hip and waist contours not established in overview.
861	full	1.5	0	1	Enlarged: close-fitting black dress shows similar shoulder and hip widths and moderate indentation.
862	full	2	?	?	grey belted top black trousers; shoulder/hip and waist contours not established in overview.
863	full	1.5	?	?	brown cape white blouse patterned mini; shoulder/hip and waist contours not established in overview.
864	full	1.5	?	?	pink draped gown; shoulder/hip and waist contours not established in overview.
865	back	?	?	?	rear grey gown; shoulder/hip and waist contours not established in overview.
866	full	1.5	?	?	black asymmetric gown; shoulder/hip and waist contours not established in overview.
867	full	1.5	?	?	black white top green mini; shoulder/hip and waist contours not established in overview.
868	full	?	?	?	loose white blouse patterned pencil skirt; shoulder/hip and waist contours not established in overview.
869	full	1.5	?	?	blue mini profile; shoulder/hip and waist contours not established in overview.
870	full	1.5	?	?	blue patterned gown; shoulder/hip and waist contours not established in overview.
871	full	1.5	?	?	white black floral shift; shoulder/hip and waist contours not established in overview.
872	full	1.5	?	?	cream shift; shoulder/hip and waist contours not established in overview.
873	full	1.5	0	?	Enlarged: similar shoulder and hip widths; gathered wrap and high belt make waist contour uncertain.
874	full	1.5	?	?	white offshoulder mini; shoulder/hip and waist contours not established in overview.
875	full	1.5	?	?	white lace gown; shoulder/hip and waist contours not established in overview.
876	full	1.5	?	?	black leather peplum pencil skirt; shoulder/hip and waist contours not established in overview.
877	full	1.5	?	?	white lace crop cream full maxi; shoulder/hip and waist contours not established in overview.
878	full	1.5	?	?	black jacket lace top trousers; shoulder/hip and waist contours not established in overview.
879	full	1.5	?	?	patterned offshoulder crop brown mini; shoulder/hip and waist contours not established in overview.
880	full	?	?	?	grey structured tunic capris; shoulder/hip and waist contours not established in overview.
881	full	1.5	?	?	dark fur crop black pencil skirt; shoulder/hip and waist contours not established in overview.
882	full	1.5	?	?	black crop leather mini; shoulder/hip and waist contours not established in overview.
883	full	?	?	?	cream belted coat dress; shoulder/hip and waist contours not established in overview.
884	full	1.5	?	?	black draped jumpsuit; shoulder/hip and waist contours not established in overview.
885	back	?	?	?	rear black leather mini; shoulder/hip and waist contours not established in overview.
886	full	1.5	?	?	black white patterned top trousers; shoulder/hip and waist contours not established in overview.
887	full	1.5	?	?	burgundy jacket black trousers; shoulder/hip and waist contours not established in overview.
888	full	1.5	?	?	floral strapless top black flared midi; shoulder/hip and waist contours not established in overview.
889	full	1.5	?	?	black grey panel midi; shoulder/hip and waist contours not established in overview.
890	full	1.5	?	?	black asymmetric midi; shoulder/hip and waist contours not established in overview.
891	full	1.5	?	?	black white asymmetric mini; shoulder/hip and waist contours not established in overview.
892	back	?	?	?	rear black gown; shoulder/hip and waist contours not established in overview.
893	full	1.5	?	?	patterned mini oblique; shoulder/hip and waist contours not established in overview.
894	full	1.5	?	?	dark floral maxi; shoulder/hip and waist contours not established in overview.
895	full	1.5	?	?	orange bodice black midi; shoulder/hip and waist contours not established in overview.
896	full	1.5	?	?	orange full gown; shoulder/hip and waist contours not established in overview.
897	full	1.5	?	?	grey shift; shoulder/hip and waist contours not established in overview.
898	full	1.5	?	?	white layer patterned mini; shoulder/hip and waist contours not established in overview.
899	full	1.5	?	?	burgundy pleated midi; shoulder/hip and waist contours not established in overview.
900	full	1.5	?	?	tan jacket burgundy trousers; shoulder/hip and waist contours not established in overview.
901	full	1.5	?	?	patterned blouse black trousers; shoulder/hip and waist contours not established in overview.
902	full	?	?	?	black leather coat mini; shoulder/hip and waist contours not established in overview.
903	partial	?	?	?	burgundy coat dark trousers; shoulder/hip and waist contours not established in overview.
904	full	1.5	?	?	navy shift; shoulder/hip and waist contours not established in overview.
905	full	1.5	?	?	dark dotted dress; shoulder/hip and waist contours not established in overview.
906	full	1.5	?	?	colorful geometric mini; shoulder/hip and waist contours not established in overview.
907	full	1.5	?	?	black floral mini; shoulder/hip and waist contours not established in overview.
908	full	1.5	?	?	white top red checked mini; shoulder/hip and waist contours not established in overview.
909	full	1.5	?	?	navy tank dress; shoulder/hip and waist contours not established in overview.
910	full	1.5	?	?	black textured midi; shoulder/hip and waist contours not established in overview.
911	full	1.5	?	?	floral crop multicolor mini; shoulder/hip and waist contours not established in overview.
912	full	1.5	?	?	white full mini; shoulder/hip and waist contours not established in overview.
913	partial	2	?	?	green halter dress; shoulder/hip and waist contours not established in overview.
914	full	1.5	?	?	blue jacket black pencil skirt; shoulder/hip and waist contours not established in overview.
915	full	1.5	?	?	grey top fitted trousers; shoulder/hip and waist contours not established in overview.
916	partial	1.5	?	?	tan ruffled top red shorts; shoulder/hip and waist contours not established in overview.
917	full	1.5	?	?	cream black cinched top shorts; shoulder/hip and waist contours not established in overview.
918	full	1.5	?	?	black structured leather top pencil skirt; shoulder/hip and waist contours not established in overview.
919	full	1.5	?	?	brown ruffled mini; shoulder/hip and waist contours not established in overview.
920	full	?	?	?	tan loose shirt dress; shoulder/hip and waist contours not established in overview.
921	full	1.5	?	?	checked top white pencil skirt; shoulder/hip and waist contours not established in overview.
922	full	1.5	?	?	patterned mermaid gown; shoulder/hip and waist contours not established in overview.
923	full	1.5	?	?	white peplum wide black trousers; shoulder/hip and waist contours not established in overview.
924	full	?	?	?	voluminous blue patterned dress; shoulder/hip and waist contours not established in overview.
925	full	1.5	?	?	blue white layered gown; shoulder/hip and waist contours not established in overview.
926	full	1.5	?	?	silver full gown; shoulder/hip and waist contours not established in overview.
927	full	1.5	?	?	cream long dress profile; shoulder/hip and waist contours not established in overview.
928	full	?	?	?	black grey long draped top trousers; shoulder/hip and waist contours not established in overview.
929	full	?	?	?	red cape black trousers; shoulder/hip and waist contours not established in overview.
930	full	1.5	?	?	black jacket purple midi; shoulder/hip and waist contours not established in overview.
931	full	?	?	?	red coat leather trousers; shoulder/hip and waist contours not established in overview.
932	full	?	?	?	fur vest long beige skirt; shoulder/hip and waist contours not established in overview.
933	full	1.5	?	?	tan loose shift; shoulder/hip and waist contours not established in overview.
934	full	1.5	?	?	blue knit patterned trousers; shoulder/hip and waist contours not established in overview.
935	full	1.5	?	?	navy jacket patterned maxi; shoulder/hip and waist contours not established in overview.
936	partial	1.5	?	?	pink tailored jacket trousers; shoulder/hip and waist contours not established in overview.
937	full	1.5	?	?	tan belted dress; shoulder/hip and waist contours not established in overview.
938	full	1.5	?	?	pink tailored mini; shoulder/hip and waist contours not established in overview.
939	full	1.5	?	?	turquoise bodice white full gown; shoulder/hip and waist contours not established in overview.
940	full	1.5	?	?	navy full mini; shoulder/hip and waist contours not established in overview.
941	full	1.5	?	?	black fitted midi; shoulder/hip and waist contours not established in overview.
942	full	1.5	?	?	purple long gown; shoulder/hip and waist contours not established in overview.
943	full	2	?	?	black one shoulder mini; shoulder/hip and waist contours not established in overview.
944	full	1.5	?	?	yellow patterned gown; shoulder/hip and waist contours not established in overview.
945	partial	1.5	?	?	white bridal gown; shoulder/hip and waist contours not established in overview.
946	partial	1.5	?	?	black lace blouse leather skirt; shoulder/hip and waist contours not established in overview.
947	partial	1.5	?	?	navy offshoulder gown; shoulder/hip and waist contours not established in overview.
948	full	1.5	?	1	Enlarged: exposed waist and fitted skirt support moderate indentation; loose offshoulder cardigan obscures shoulder boundary.
949	full	1.5	?	?	coral cropped sweater shorts; shoulder/hip and waist contours not established in overview.
950	full	1.5	?	?	black asymmetric mini; shoulder/hip and waist contours not established in overview.
951	reject	?	?	?	repeated grey longline black jacket at 28; shoulder/hip and waist contours not established in overview.
952	full	1.5	?	?	black jacket dark mini; shoulder/hip and waist contours not established in overview.
953	full	1.5	?	?	black asymmetric cutout gown; shoulder/hip and waist contours not established in overview.
954	full	1.5	?	?	black sheer sleeve midi; shoulder/hip and waist contours not established in overview.
955	full	1.5	?	?	white top black flared mini; shoulder/hip and waist contours not established in overview.
956	full	1.5	?	?	black strapless feather hem gown; shoulder/hip and waist contours not established in overview.
957	full	1.5	0	1	Enlarged: fitted sleeveless top and pencil skirt support similar widths and moderate indentation.
958	full	1.5	?	?	navy peplum textured gown; shoulder/hip and waist contours not established in overview.
959	back	?	?	?	rear mermaid gown; shoulder/hip and waist contours not established in overview.
960	full	1.5	?	?	pink asymmetric dress; shoulder/hip and waist contours not established in overview.
961	partial	1.5	?	?	purple tied dress profile; shoulder/hip and waist contours not established in overview.
962	full	1.5	?	?	black structured mini; shoulder/hip and waist contours not established in overview.
963	partial	1.5	?	?	red long vest black fitted set; shoulder/hip and waist contours not established in overview.
964	partial	?	?	?	black loose blouse trousers; shoulder/hip and waist contours not established in overview.
965	back	?	?	?	rear grey blouse; shoulder/hip and waist contours not established in overview.
966	full	1.5	?	?	black blouse shorts tights; shoulder/hip and waist contours not established in overview.
967	full	1.5	?	?	white draped mini; shoulder/hip and waist contours not established in overview.
968	partial	1.5	?	?	black top grey pleated mini; shoulder/hip and waist contours not established in overview.
969	full	1.5	?	?	yellow blouse grey pencil skirt; shoulder/hip and waist contours not established in overview.
970	partial	?	?	?	plaid tailored jacket jeans; shoulder/hip and waist contours not established in overview.
971	full	1.5	?	?	pale blouse black leather trousers; shoulder/hip and waist contours not established in overview.
972	partial	1.5	?	?	purple satin dress; shoulder/hip and waist contours not established in overview.
973	back	?	?	?	rear red cutout gown; shoulder/hip and waist contours not established in overview.
974	partial	1.5	?	?	metallic bustier black gown; shoulder/hip and waist contours not established in overview.
975	full	1.5	?	?	black asymmetric dress; shoulder/hip and waist contours not established in overview.
976	partial	1.5	?	?	black lace dress profile; shoulder/hip and waist contours not established in overview.
977	partial	1.5	?	?	black fitted cami dress; shoulder/hip and waist contours not established in overview.
978	partial	1.5	?	?	black white floral halter dress; shoulder/hip and waist contours not established in overview.
979	partial	1.5	?	?	pink top blue button mini; shoulder/hip and waist contours not established in overview.
980	partial	1.5	?	?	cream floral collar mini; shoulder/hip and waist contours not established in overview.
981	full	1.5	?	?	cream blouse pink trousers; shoulder/hip and waist contours not established in overview.
982	full	2	?	?	black halter jumpsuit; shoulder/hip and waist contours not established in overview.
983	full	1.5	?	?	gold fringed mini arms extended; shoulder/hip and waist contours not established in overview.
984	full	1.5	?	?	black asymmetric mini; shoulder/hip and waist contours not established in overview.
985	full	1.5	?	?	dark sheer dress profile; shoulder/hip and waist contours not established in overview.
986	full	1.5	?	?	black top grey full mini; shoulder/hip and waist contours not established in overview.
987	reject	?	?	?	trouser styling with bare upper torso; shoulder/hip and waist contours not established in overview.
988	reject	?	?	?	repeated bare torso trouser styling; shoulder/hip and waist contours not established in overview.
989	reject	?	?	?	same black blouse skirt as 991; shoulder/hip and waist contours not established in overview.
990	full	1.5	?	?	black belted highlow mini; shoulder/hip and waist contours not established in overview.
991	full	1.5	?	?	black blouse grey full mini; shoulder/hip and waist contours not established in overview.
992	full	1.5	?	?	black floral top grey jeans; shoulder/hip and waist contours not established in overview.
993	full	1.5	?	?	patterned sheer panel mini; shoulder/hip and waist contours not established in overview.
994	full	1.5	?	?	floral blouse blue capris; shoulder/hip and waist contours not established in overview.
995	full	1.5	?	?	white top green maxi; shoulder/hip and waist contours not established in overview.
996	full	1.5	?	?	white asymmetric wrap dress; shoulder/hip and waist contours not established in overview.
997	full	1.5	?	?	striped top white full maxi; shoulder/hip and waist contours not established in overview.
998	full	1.5	?	?	multicolor floral mini; shoulder/hip and waist contours not established in overview.
999	full	1.5	?	?	dark floral top navy mini; shoulder/hip and waist contours not established in overview.
1000	full	1.5	?	?	yellow blouse purple trousers; shoulder/hip and waist contours not established in overview.
1001	full	1.5	?	?	white blouse black mini; shoulder/hip and waist contours not established in overview.
1002	full	1.5	?	?	white halter mini; shoulder/hip and waist contours not established in overview.
1003	full	1.5	0	1	Enlarged: fitted red mini supports similar widths and moderate indentation.
1004	partial	1.5	?	?	pale checked full dress; shoulder/hip and waist contours not established in overview.
1005	full	1.5	?	?	pink voluminous gown; shoulder/hip and waist contours not established in overview.
1006	full	1.5	?	?	gold lace bridal gown; shoulder/hip and waist contours not established in overview.
1007	full	1.5	?	?	white vneck gown; shoulder/hip and waist contours not established in overview.
1008	full	1.5	?	?	black jacket bustier leather trousers; shoulder/hip and waist contours not established in overview.
1009	full	1.5	?	?	red full gown; shoulder/hip and waist contours not established in overview.
1010	full	1.5	?	?	dotted pencil dress; shoulder/hip and waist contours not established in overview.
1011	full	1.5	?	?	cream asymmetric dress; shoulder/hip and waist contours not established in overview.
1012	full	1.5	?	?	white tee fitted trousers; shoulder/hip and waist contours not established in overview.
1013	full	1.5	?	?	white slit mini; shoulder/hip and waist contours not established in overview.
1014	full	1.5	?	?	white strapless gown; shoulder/hip and waist contours not established in overview.
1015	full	1.5	?	?	white tailored jacket trousers; shoulder/hip and waist contours not established in overview.
1016	full	?	?	?	white blue tunic grey capris; shoulder/hip and waist contours not established in overview.
1017	full	1.5	?	?	black bustier ruffle mini; shoulder/hip and waist contours not established in overview.
1018	full	2	0	1	Enlarged: fitted strapless top and jeans show similar shoulder and hip widths and moderate indentation.
1019	full	1.5	?	?	graphic sweater grey mini; shoulder/hip and waist contours not established in overview.
1020	partial	1.5	?	?	pink tank gold mini; shoulder/hip and waist contours not established in overview.
1021	full	1.5	?	?	green ruffle black mini; shoulder/hip and waist contours not established in overview.
1022	full	1.5	?	?	black lace top patterned trousers; shoulder/hip and waist contours not established in overview.
1023	partial	1.5	?	?	white tee harness cream shorts; shoulder/hip and waist contours not established in overview.
1024	full	1.5	?	?	black white graphic mini; shoulder/hip and waist contours not established in overview.
1025	full	?	?	?	patterned tunic leggings; shoulder/hip and waist contours not established in overview.
1026	full	2	?	?	Enlarged: peplum and turned torso prevent reliable shoulder and waist comparisons.
1027	full	2.5	?	?	Enlarged: angled torso and loose dark maxi obscure hip and waist boundaries.
1028	full	2	?	?	Enlarged: loose tee and wide trousers obscure waist and hip contours.
1029	full	?	?	?	oversized grey top white shorts; shoulder/hip and waist contours not established in overview.
1030	full	1.5	?	?	leopard knee dress; shoulder/hip and waist contours not established in overview.
1031	partial	1.5	?	?	pink tied shirt denim mini; shoulder/hip and waist contours not established in overview.
1032	full	1.5	?	?	white fringed shift; shoulder/hip and waist contours not established in overview.
1033	full	1.5	?	?	cream ruffle neck mini; shoulder/hip and waist contours not established in overview.
1034	partial	1.5	?	?	tan jacket draped blouse; shoulder/hip and waist contours not established in overview.
1035	full	1.5	?	?	black ruffled mini; shoulder/hip and waist contours not established in overview.
1036	full	1.5	?	?	black full skirt dress; shoulder/hip and waist contours not established in overview.
1037	full	1.5	?	?	pink full midi; shoulder/hip and waist contours not established in overview.
1038	full	1.5	?	?	black pencil dress; shoulder/hip and waist contours not established in overview.
1039	full	1.5	?	?	white graphic tank denim shorts; shoulder/hip and waist contours not established in overview.
1040	full	1.5	?	?	multicolor wrap midi; shoulder/hip and waist contours not established in overview.
1041	full	1.5	?	?	black tank capris; shoulder/hip and waist contours not established in overview.
1042	reject	?	?	?	repeated grey top mini at 1044; shoulder/hip and waist contours not established in overview.
1043	reject	?	?	?	repeated coral mini at 1045; shoulder/hip and waist contours not established in overview.
1044	full	2	?	?	pale top taupe mini; shoulder/hip and waist contours not established in overview.
1045	full	1.5	?	?	coral fitted mini; shoulder/hip and waist contours not established in overview.
1046	full	1.5	?	?	burgundy pencil dress profile; shoulder/hip and waist contours not established in overview.
1047	partial	1.5	?	?	beige halter gown; shoulder/hip and waist contours not established in overview.
1048	partial	1.5	?	?	olive strapless pencil dress; shoulder/hip and waist contours not established in overview.
1049	full	1.5	?	?	printed blouse colorful mini; shoulder/hip and waist contours not established in overview.
1050	full	1.5	?	?	grey coral shift; shoulder/hip and waist contours not established in overview.
1051	full	2	?	?	cream lace shift; shoulder/hip and waist contours not established in overview.
1052	full	1.5	?	?	orange purple patterned midi; shoulder/hip and waist contours not established in overview.
1053	full	?	?	?	patterned long coat; shoulder/hip and waist contours not established in overview.
1054	reject	?	?	?	close repeat checked coat at 1055; shoulder/hip and waist contours not established in overview.
1055	full	?	?	?	checked coat black trousers; shoulder/hip and waist contours not established in overview.
1056	full	1.5	?	?	grey jacket black full mini; shoulder/hip and waist contours not established in overview.
1057	full	1.5	?	?	cream pencil dress; shoulder/hip and waist contours not established in overview.
1058	reject	?	?	?	repeated patterned suit at 1059; shoulder/hip and waist contours not established in overview.
1059	full	1.5	?	?	black patterned pantsuit; shoulder/hip and waist contours not established in overview.
1060	full	1.5	?	?	black strapless mini; shoulder/hip and waist contours not established in overview.
1061	partial	1.5	?	?	white orange floral dress; shoulder/hip and waist contours not established in overview.
1062	partial	1.5	?	?	blue draped dress; shoulder/hip and waist contours not established in overview.
1063	back	?	?	?	rear orange slit skirt; shoulder/hip and waist contours not established in overview.
1064	full	1.5	?	?	white knit orange slit maxi; shoulder/hip and waist contours not established in overview.
1065	partial	1.5	?	?	pink satin mini; shoulder/hip and waist contours not established in overview.
1066	full	1.5	?	?	coral fitted midi; shoulder/hip and waist contours not established in overview.
1067	full	1.5	?	?	beige patterned maxi; shoulder/hip and waist contours not established in overview.
1068	full	1.5	?	?	floral crop white wide trousers; shoulder/hip and waist contours not established in overview.
1069	full	1.5	?	?	white slit gown; shoulder/hip and waist contours not established in overview.
1070	full	1.5	?	?	purple mermaid gown; shoulder/hip and waist contours not established in overview.
1071	partial	1.5	?	?	pink halter maxi; shoulder/hip and waist contours not established in overview.
1072	partial	1.5	?	?	olive satin set white bow; shoulder/hip and waist contours not established in overview.
1073	partial	1.5	?	?	white tee colorblock skirt; shoulder/hip and waist contours not established in overview.
1074	seated	1.5	?	?	teal mini; shoulder/hip and waist contours not established in overview.
1075	full	1.5	?	?	white pantsuit; shoulder/hip and waist contours not established in overview.
1076	full	?	?	?	layered jacket green full skirt; shoulder/hip and waist contours not established in overview.
1077	full	1.5	?	?	white offshoulder top striped trousers; shoulder/hip and waist contours not established in overview.
1078	full	1.5	?	?	dark waistcoat white shirt trousers; shoulder/hip and waist contours not established in overview.
1079	partial	1.5	?	?	white floral neckline gown; shoulder/hip and waist contours not established in overview.
1080	full	2	?	?	white bridal gown; shoulder/hip and waist contours not established in overview.
1081	full	1.5	?	?	green floral maxi; shoulder/hip and waist contours not established in overview.
1082	full	1.5	?	?	tan jacket grey mini; shoulder/hip and waist contours not established in overview.
1083	partial	1.5	?	?	white brown bubble mini; shoulder/hip and waist contours not established in overview.
1084	partial	2	?	?	white strapless gown; shoulder/hip and waist contours not established in overview.
1085	full	1.5	?	?	lavender crop white shorts; shoulder/hip and waist contours not established in overview.
1086	full	1.5	?	?	gold mini; shoulder/hip and waist contours not established in overview.
1087	full	1.5	?	?	white bodice blue highlow gown; shoulder/hip and waist contours not established in overview.
1088	partial	2	?	?	red strapless dress; shoulder/hip and waist contours not established in overview.
1089	full	2	?	?	coral ruffled mini; shoulder/hip and waist contours not established in overview.
1090	full	2	?	?	navy maxi; shoulder/hip and waist contours not established in overview.
1091	partial	2	?	?	turquoise halter dress; shoulder/hip and waist contours not established in overview.
1092	full	1.5	?	?	floral jacket patterned mini; shoulder/hip and waist contours not established in overview.
1093	back	?	?	?	rear patterned dress; shoulder/hip and waist contours not established in overview.
1094	partial	1.5	?	?	blue puff sleeve romper; shoulder/hip and waist contours not established in overview.
1095	full	1.5	?	?	black sheer lace dress; shoulder/hip and waist contours not established in overview.
1096	full	1.5	?	?	white gown; shoulder/hip and waist contours not established in overview.
1097	full	2	?	?	black jacket burgundy belted midi; shoulder/hip and waist contours not established in overview.
1098	partial	1.5	?	?	orange patterned full gown; shoulder/hip and waist contours not established in overview.
1099	full	1.5	?	?	purple jacket red pencil dress; shoulder/hip and waist contours not established in overview.
1100	full	1.5	?	?	tied white blouse orange maxi; shoulder/hip and waist contours not established in overview.
1101	full	?	?	?	multicolor long dress; shoulder/hip and waist contours not established in overview.
1102	full	1.5	?	?	colorful strapless mini; shoulder/hip and waist contours not established in overview.
1103	full	1.5	?	?	white halter gown; shoulder/hip and waist contours not established in overview.
1104	full	1.5	?	?	white sweetheart gown; shoulder/hip and waist contours not established in overview.
1105	full	1.5	?	?	pale grey layered gown; shoulder/hip and waist contours not established in overview.
1106	full	1.5	?	?	white fitted gown; shoulder/hip and waist contours not established in overview.
1107	full	1.5	?	?	cream lace gown; shoulder/hip and waist contours not established in overview.
1108	full	1.5	?	?	silver ruffled gown profile; shoulder/hip and waist contours not established in overview.
1109	full	1.5	?	?	white top blue full mini; shoulder/hip and waist contours not established in overview.
1110	full	1.5	?	?	graphic tee leather trousers; shoulder/hip and waist contours not established in overview.
1111	full	1.5	?	?	cream pocket shift; shoulder/hip and waist contours not established in overview.
1112	full	1.5	?	?	burgundy top white mini; shoulder/hip and waist contours not established in overview.
1113	full	1.5	?	?	patterned loose midi; shoulder/hip and waist contours not established in overview.
1114	full	1.5	?	?	white sheer blouse silver trousers; shoulder/hip and waist contours not established in overview.
1115	full	1.5	?	?	grey lace top white trousers; shoulder/hip and waist contours not established in overview.
1116	full	1.5	?	?	black knit houndstooth skirt; shoulder/hip and waist contours not established in overview.
1117	full	1.5	?	?	blue textured jacket black trousers; shoulder/hip and waist contours not established in overview.
1118	full	?	?	?	grey belted coat dress; shoulder/hip and waist contours not established in overview.
1119	full	1.5	?	?	black satin gown; shoulder/hip and waist contours not established in overview.
1120	full	1.5	?	?	purple strapless dress tights; shoulder/hip and waist contours not established in overview.
1121	reject	?	?	?	repeated purple yellow mini at 1122; shoulder/hip and waist contours not established in overview.
1122	full	1.5	?	?	purple yellow mini; shoulder/hip and waist contours not established in overview.
1123	full	1.5	?	?	grey tee yellow mini; shoulder/hip and waist contours not established in overview.
1124	full	1.5	?	?	purple orange mini; shoulder/hip and waist contours not established in overview.
1125	reject	?	?	?	repeated purple orange mini; shoulder/hip and waist contours not established in overview.
1126	full	2	?	?	red asymmetric dress; shoulder/hip and waist contours not established in overview.
1127	full	2	0	?	Enlarged: similar shoulder and hip widths; structured strapless bodice prevents waist judgment.
1128	full	1.5	?	?	black full midi; shoulder/hip and waist contours not established in overview.
1129	full	1.5	?	?	mint jacket white romper; shoulder/hip and waist contours not established in overview.
1130	full	1.5	?	?	black peplum pencil dress; shoulder/hip and waist contours not established in overview.
1131	partial	1.5	?	?	leather jacket pale blouse black shorts; shoulder/hip and waist contours not established in overview.
1132	partial	?	?	?	black oversized jacket pleated mini; shoulder/hip and waist contours not established in overview.
1133	full	2	?	?	striped fit flare dress; shoulder/hip and waist contours not established in overview.
1134	partial	1.5	?	?	striped asymmetric mini; shoulder/hip and waist contours not established in overview.
1135	full	1.5	?	?	grey patterned pantsuit; shoulder/hip and waist contours not established in overview.
1136	full	?	?	?	long dark shift; shoulder/hip and waist contours not established in overview.
1137	full	?	?	?	patterned long vest dark trousers; shoulder/hip and waist contours not established in overview.
1138	full	1.5	?	?	beige blouse dark cropped trousers; shoulder/hip and waist contours not established in overview.
1139	full	1.5	?	?	black floral mini; shoulder/hip and waist contours not established in overview.
1140	full	1.5	?	?	burgundy strapless midi; shoulder/hip and waist contours not established in overview.
1141	back	?	?	?	rear burgundy midi; shoulder/hip and waist contours not established in overview.
1142	full	1.5	?	?	black asymmetric top white maxi; shoulder/hip and waist contours not established in overview.
1143	full	1.5	?	?	grey patterned asymmetric mini; shoulder/hip and waist contours not established in overview.
1144	full	1.5	?	?	patterned jacket leather trousers; shoulder/hip and waist contours not established in overview.
1145	full	1.5	?	?	black flared gown; shoulder/hip and waist contours not established in overview.
1146	full	1.5	?	?	black halter gown; shoulder/hip and waist contours not established in overview.
1147	full	1.5	?	?	white lace ruffled gown; shoulder/hip and waist contours not established in overview.
1148	full	1.5	?	?	blue mini black yoke; shoulder/hip and waist contours not established in overview.
1149	full	1.5	?	?	black crop patterned full midi; shoulder/hip and waist contours not established in overview.
1150	full	1.5	?	?	graphic tank jeans heels; shoulder/hip and waist contours not established in overview.
1151	full	1.5	?	?	blue blazer pink trousers; shoulder/hip and waist contours not established in overview.
1152	full	?	?	?	white trench dress; shoulder/hip and waist contours not established in overview.
1153	full	1.5	?	?	black top white bubble mini; shoulder/hip and waist contours not established in overview.
1154	full	1.5	?	?	white blouse black pencil skirt; shoulder/hip and waist contours not established in overview.
1155	full	?	?	?	loose dark midi; shoulder/hip and waist contours not established in overview.
1156	full	?	?	?	oversized patterned tunic; shoulder/hip and waist contours not established in overview.
1157	full	?	?	?	navy asymmetric tunic trousers; shoulder/hip and waist contours not established in overview.
1158	full	1.5	?	?	tan fringed mini; shoulder/hip and waist contours not established in overview.
1159	partial	?	?	?	brown fur belted coat; shoulder/hip and waist contours not established in overview.
1160	partial	?	?	?	striped fur coat; shoulder/hip and waist contours not established in overview.
1161	full	?	?	?	beige cape white highlow dress; shoulder/hip and waist contours not established in overview.
1162	partial	1.5	?	?	striped layer crosswrap top white skirt; shoulder/hip and waist contours not established in overview.
1163	partial	1.5	?	?	metallic bustier cream gown; shoulder/hip and waist contours not established in overview.
1164	full	1.5	?	?	blue embroidered gown; shoulder/hip and waist contours not established in overview.
1165	full	1.5	?	?	purple belted mini; shoulder/hip and waist contours not established in overview.
1166	full	1.5	?	?	black orange striped full mini; shoulder/hip and waist contours not established in overview.
1167	full	1.5	?	?	white ruffled mini; shoulder/hip and waist contours not established in overview.
1168	full	1.5	?	?	multicolor black shift; shoulder/hip and waist contours not established in overview.
1169	full	1.5	?	?	gold black panel gown; shoulder/hip and waist contours not established in overview.
1170	partial	1.5	?	?	black ruffled mini; shoulder/hip and waist contours not established in overview.
1171	full	1.5	?	?	cream mini black long vest; shoulder/hip and waist contours not established in overview.
1172	full	1.5	?	?	dark textured asymmetric mini; shoulder/hip and waist contours not established in overview.
1173	full	1.5	?	?	orange crop long vest grey trousers; shoulder/hip and waist contours not established in overview.
1174	full	?	?	?	black loose top patterned trousers; shoulder/hip and waist contours not established in overview.
1175	full	?	?	?	dark asymmetric dress; shoulder/hip and waist contours not established in overview.
1176	full	1.5	?	?	orange top grey midi; shoulder/hip and waist contours not established in overview.
1177	full	1.5	?	?	graphic tee black capris; shoulder/hip and waist contours not established in overview.
1178	full	1.5	?	?	brown jacket white mini; shoulder/hip and waist contours not established in overview.
1179	full	1.5	?	?	black coat dotted mini; shoulder/hip and waist contours not established in overview.
1180	full	1.5	?	?	orange striped asymmetric dress; shoulder/hip and waist contours not established in overview.
1181	full	2.5	?	?	Enlarged: loose high-waisted leather culottes obscure hip boundary and waist comparison.
1182	full	1.5	?	?	pale colorblock gown; shoulder/hip and waist contours not established in overview.
1183	full	1.5	?	?	black cami trousers layered necklaces; shoulder/hip and waist contours not established in overview.
1184	full	1.5	0	1	Enlarged: fitted lace jumpsuit shows similar shoulder and hip widths and moderate indentation.
1185	full	1.5	?	?	navy top black wide trousers; shoulder/hip and waist contours not established in overview.
1186	full	1.5	?	?	long black column dress; shoulder/hip and waist contours not established in overview.
1187	full	1.5	?	?	brown lace top satin trousers; shoulder/hip and waist contours not established in overview.
1188	full	1.5	?	?	cream lace maxi; shoulder/hip and waist contours not established in overview.
1189	full	?	?	?	cream coat light trousers profile; shoulder/hip and waist contours not established in overview.
1190	full	1.5	?	?	white patterned tunic trousers; shoulder/hip and waist contours not established in overview.
1191	full	1.5	?	?	white midi black leggings; shoulder/hip and waist contours not established in overview.
1192	full	1.5	?	?	black top shorts purple scarf; shoulder/hip and waist contours not established in overview.
1193	full	?	?	?	structured patterned jacket mini; shoulder/hip and waist contours not established in overview.
1194	full	1.5	?	?	black slit dress profile; shoulder/hip and waist contours not established in overview.
1195	full	1.5	?	?	pale grey loose jumpsuit; shoulder/hip and waist contours not established in overview.
1196	full	?	?	?	black long layer trousers; shoulder/hip and waist contours not established in overview.
1197	full	1.5	?	?	black asymmetric mini; shoulder/hip and waist contours not established in overview.
1198	full	1.5	?	?	red loose midi; shoulder/hip and waist contours not established in overview.
1199	full	1.5	?	?	dark trained gown profile; shoulder/hip and waist contours not established in overview.
1200	full	1.5	?	?	beige knit shorts profile; shoulder/hip and waist contours not established in overview.
1201	partial	1.5	?	?	yellow jacket jeans; shoulder/hip and waist contours not established in overview.
1202	full	1.5	?	?	black mini profile; shoulder/hip and waist contours not established in overview.
1203	partial	1.5	?	?	navy sleeveless dress profile; shoulder/hip and waist contours not established in overview.
1204	full	1.5	?	?	black fitted mini profile; shoulder/hip and waist contours not established in overview.
1205	full	?	?	?	black coat dress profile; shoulder/hip and waist contours not established in overview.
1206	partial	1.5	?	?	orange yellow dress; shoulder/hip and waist contours not established in overview.
1207	full	2	?	?	black tulle mini; shoulder/hip and waist contours not established in overview.
1208	full	1.5	?	?	patterned jacket blue trousers; shoulder/hip and waist contours not established in overview.
1209	full	1.5	?	?	floral long layer pink trousers; shoulder/hip and waist contours not established in overview.
1210	full	1.5	?	?	pink floral mini; shoulder/hip and waist contours not established in overview.
1211	full	1.5	?	?	multicolor asymmetric midi; shoulder/hip and waist contours not established in overview.
1212	partial	1.5	?	?	purple lace mini; shoulder/hip and waist contours not established in overview.
1213	partial	1.5	?	?	black top gold full mini; shoulder/hip and waist contours not established in overview.
1214	full	1.5	?	?	grey top white full midi; shoulder/hip and waist contours not established in overview.
1215	full	1.5	?	?	navy coat short bottoms scarf; shoulder/hip and waist contours not established in overview.
1216	full	1.5	?	?	white tent dress; shoulder/hip and waist contours not established in overview.
1217	full	1.5	?	?	leather jacket white trousers; shoulder/hip and waist contours not established in overview.
1218	partial	1.5	?	?	black textured full mini; shoulder/hip and waist contours not established in overview.
1219	full	1.5	?	?	pale patterned long gown; shoulder/hip and waist contours not established in overview.
1220	full	1.5	?	?	checked crop jacket pencil skirt; shoulder/hip and waist contours not established in overview.
1221	full	2.5	?	?	Enlarged: loose top and skirt conceal torso contours; corrected garment description is separates.
1222	full	2.5	?	?	Enlarged: jacket and angled posture obscure reliable waist and shoulder comparisons.
1223	full	1.5	?	?	pale pink tulle gown; shoulder/hip and waist contours not established in overview.
1224	full	1.5	?	?	pink tiered mini; shoulder/hip and waist contours not established in overview.
1225	full	1.5	?	?	cream mini; shoulder/hip and waist contours not established in overview.
1226	full	1.5	?	?	black metallic top brown slit skirt; shoulder/hip and waist contours not established in overview.
1227	full	1.5	?	?	varsity jacket black mini fishnets; shoulder/hip and waist contours not established in overview.
1228	full	1.5	?	?	patterned jacket black mini; shoulder/hip and waist contours not established in overview.
1229	back	?	?	?	rear blue gown; shoulder/hip and waist contours not established in overview.
1230	full	1.5	?	?	green patterned midi profile; shoulder/hip and waist contours not established in overview.
1231	full	1.5	?	?	brown patterned midi profile; shoulder/hip and waist contours not established in overview.
1232	full	1.5	?	?	white lace midi profile; shoulder/hip and waist contours not established in overview.
1233	full	2	?	?	multicolor panel mermaid gown; shoulder/hip and waist contours not established in overview.
1234	full	1.5	?	?	multicolor highlow dress; shoulder/hip and waist contours not established in overview.
1235	back	?	?	?	rear burgundy gown; shoulder/hip and waist contours not established in overview.
1236	full	1.5	?	?	teal asymmetric top pale trousers; shoulder/hip and waist contours not established in overview.
1237	full	1.5	?	?	grey draped top patterned leggings; shoulder/hip and waist contours not established in overview.
1238	full	1.5	?	?	burgundy draped jumpsuit; shoulder/hip and waist contours not established in overview.
1239	full	1.5	?	?	white graphic top red harem trousers; shoulder/hip and waist contours not established in overview.
1240	full	2	?	?	black belted midi; shoulder/hip and waist contours not established in overview.
1241	full	1.5	?	?	pale grey knit trousers; shoulder/hip and waist contours not established in overview.
1242	full	1.5	?	?	black lace top metallic trousers; shoulder/hip and waist contours not established in overview.
1243	full	1.5	?	?	black patterned top black slit maxi; shoulder/hip and waist contours not established in overview.
1244	full	1.5	?	?	checked belted pencil dress; shoulder/hip and waist contours not established in overview.
1245	full	1.5	?	?	black fitted gown; shoulder/hip and waist contours not established in overview.
1246	full	1.5	?	?	black floral mini; shoulder/hip and waist contours not established in overview.
1247	full	1.5	?	?	black sheer top blue full mini; shoulder/hip and waist contours not established in overview.
1248	full	1.5	?	?	black knee dress; shoulder/hip and waist contours not established in overview.
1249	full	1.5	?	?	grey sculptural peplum mini; shoulder/hip and waist contours not established in overview.
1250	reject	?	?	?	repeated blue top trousers at 1251; shoulder/hip and waist contours not established in overview.
1251	full	1.5	?	?	blue asymmetric top black trousers; shoulder/hip and waist contours not established in overview.
1252	full	2	0	1	Enlarged: black fitted jumpsuit shows similar widths and moderate indentation; corrected garment description.
1253	full	1.5	?	?	black fringed mini; shoulder/hip and waist contours not established in overview.
1254	full	1.5	?	?	black white panel mini; shoulder/hip and waist contours not established in overview.
1255	full	1.5	?	?	black strapless top multicolor trousers; shoulder/hip and waist contours not established in overview.
1256	full	1.5	?	?	blue white floral mini; shoulder/hip and waist contours not established in overview.
1257	full	1.5	?	?	grey red belted mini; shoulder/hip and waist contours not established in overview.
1258	partial	1.5	?	?	black crop black trousers; shoulder/hip and waist contours not established in overview.
1259	full	1.5	?	?	black draped mini; shoulder/hip and waist contours not established in overview.
1260	partial	2	?	?	striped tee jeans; shoulder/hip and waist contours not established in overview.
1261	full	1.5	?	?	gold patterned shirt dress; shoulder/hip and waist contours not established in overview.
1262	full	1.5	?	?	pink lace column gown; shoulder/hip and waist contours not established in overview.
1263	full	1.5	?	?	red black panel midi; shoulder/hip and waist contours not established in overview.
1264	full	1.5	?	?	black lace pencil dress; shoulder/hip and waist contours not established in overview.
1265	full	1.5	?	?	striped blazer mini; shoulder/hip and waist contours not established in overview.
1266	full	1.5	?	?	mustard jacket black mini; shoulder/hip and waist contours not established in overview.
1267	full	1.5	?	?	black sheer maxi; shoulder/hip and waist contours not established in overview.
1268	full	1.5	?	?	teal ruffled top black maxi; shoulder/hip and waist contours not established in overview.
1269	full	1.5	?	?	coral embroidered gown; shoulder/hip and waist contours not established in overview.
1270	full	2	0	1	Enlarged: fitted burgundy dress shows similar shoulder and hip widths and moderate indentation.
1271	full	1.5	?	?	white halter gown; shoulder/hip and waist contours not established in overview.
1272	full	1.5	?	?	white bridal gown; shoulder/hip and waist contours not established in overview.
1273	full	1.5	?	?	pink lace maxi; shoulder/hip and waist contours not established in overview.
1274	full	1.5	?	?	black top white midi profile; shoulder/hip and waist contours not established in overview.
1275	full	1.5	?	?	black textured top cropped trousers; shoulder/hip and waist contours not established in overview.
1276	full	1.5	?	?	black jacket pencil dress; shoulder/hip and waist contours not established in overview.
1277	full	1.5	?	?	patterned one shoulder maxi; shoulder/hip and waist contours not established in overview.
1278	full	1.5	?	?	grey draped midi; shoulder/hip and waist contours not established in overview.
1279	full	1.5	?	?	orange floral maxi profile; shoulder/hip and waist contours not established in overview.
1280	full	1.5	?	?	white draped top pale trousers; shoulder/hip and waist contours not established in overview.
1281	full	1.5	?	?	coral full mini; shoulder/hip and waist contours not established in overview.
1282	full	1.5	?	?	black floral midi; shoulder/hip and waist contours not established in overview.
1283	full	1.5	?	?	black sleeveless fitted dress; shoulder/hip and waist contours not established in overview.
1284	full	1.5	?	?	black crop wide trousers; shoulder/hip and waist contours not established in overview.
1285	full	1.5	?	?	long black column dress; shoulder/hip and waist contours not established in overview.
1286	full	1.5	?	?	white full midi; shoulder/hip and waist contours not established in overview.
1287	full	1.5	?	?	floral full midi; shoulder/hip and waist contours not established in overview.
1288	full	1.5	?	?	blue sequined gown; shoulder/hip and waist contours not established in overview.
1289	full	1.5	?	?	red jacket red pencil skirt; shoulder/hip and waist contours not established in overview.
1290	full	1.5	?	?	blue floral midi; shoulder/hip and waist contours not established in overview.
1291	full	2	?	?	brown fringe jacket black trousers; shoulder/hip and waist contours not established in overview.
1292	full	1.5	?	?	brown jacket black capris; shoulder/hip and waist contours not established in overview.
1293	full	1.5	?	?	lime black patterned mini; shoulder/hip and waist contours not established in overview.
1294	full	2	?	?	white corset black mini; shoulder/hip and waist contours not established in overview.
1295	full	1.5	?	?	patterned brown panel mini; shoulder/hip and waist contours not established in overview.
1296	full	2	?	?	brown belted dress; shoulder/hip and waist contours not established in overview.
1297	full	1.5	?	?	gold patterned maxi profile; shoulder/hip and waist contours not established in overview.
1298	full	1.5	?	?	white draped pantsuit; shoulder/hip and waist contours not established in overview.
1299	partial	1.5	?	?	multicolor belted jumpsuit; shoulder/hip and waist contours not established in overview.
1300	partial	1.5	?	?	black leather wrap mini; shoulder/hip and waist contours not established in overview.
1301	partial	1.5	?	?	pale shirt shorts scarf; shoulder/hip and waist contours not established in overview.
1302	full	1.5	?	?	gold strapless mini; shoulder/hip and waist contours not established in overview.
1303	full	1.5	?	?	gold strapless gown; shoulder/hip and waist contours not established in overview.
1304	full	1.5	?	?	black mini; shoulder/hip and waist contours not established in overview.
1305	full	1.5	?	?	blue white asymmetric dress; shoulder/hip and waist contours not established in overview.
1306	full	2	?	?	navy shift; shoulder/hip and waist contours not established in overview.
1307	full	1.5	?	?	black crop patterned midi; shoulder/hip and waist contours not established in overview.
1308	full	1.5	?	?	coral black panel mini; shoulder/hip and waist contours not established in overview.
1309	full	1.5	?	?	white lace peplum black pencil skirt; shoulder/hip and waist contours not established in overview.
1310	partial	1.5	?	?	patterned blue top purple trousers; shoulder/hip and waist contours not established in overview.
1311	full	1.5	?	?	white full bridal gown; shoulder/hip and waist contours not established in overview.
1312	full	1.5	?	?	cream lace gown; shoulder/hip and waist contours not established in overview.
1313	full	1.5	?	?	white ruched gown; shoulder/hip and waist contours not established in overview.
1314	full	1.5	?	?	orange white panel mini; shoulder/hip and waist contours not established in overview.
1315	full	1.5	?	?	blue halter wide jumpsuit; shoulder/hip and waist contours not established in overview.
1316	full	1.5	?	?	plaid maxi; shoulder/hip and waist contours not established in overview.
1317	reject	?	?	?	repeated black lace gown at 1320; shoulder/hip and waist contours not established in overview.
1318	full	1.5	?	?	white ruffled gown; shoulder/hip and waist contours not established in overview.
1319	full	1.5	?	?	pale lace top white ruffled maxi; shoulder/hip and waist contours not established in overview.
1320	full	1.5	?	?	black lace gown; shoulder/hip and waist contours not established in overview.
1321	full	1.5	?	?	purple floral mini; shoulder/hip and waist contours not established in overview.
1322	partial	2	?	?	black long sleeve mini; shoulder/hip and waist contours not established in overview.
1323	full	1.5	?	?	black patterned romper; shoulder/hip and waist contours not established in overview.
1324	full	1.5	?	?	grey belted jacket black trousers; shoulder/hip and waist contours not established in overview.
1325	reject	?	?	?	distant backlit runway subject; shoulder/hip and waist contours not established in overview.
1326	full	1.5	?	?	grey purple draped midi; shoulder/hip and waist contours not established in overview.
1327	full	1.5	?	?	grey loose midi; shoulder/hip and waist contours not established in overview.
1328	partial	1.5	?	?	pale halter gown; shoulder/hip and waist contours not established in overview.
1329	back	?	?	?	rear bridal gown; shoulder/hip and waist contours not established in overview.
1330	partial	1.5	?	?	pale pink halter mini; shoulder/hip and waist contours not established in overview.
1331	full	1.5	?	?	grey cardigan tunic jeans; shoulder/hip and waist contours not established in overview.
1332	full	?	?	?	navy coat dark trousers; shoulder/hip and waist contours not established in overview.
1333	full	1.5	?	?	black patterned pantsuit; shoulder/hip and waist contours not established in overview.
1334	full	1.5	?	?	pale highlow dress; shoulder/hip and waist contours not established in overview.
1335	full	?	?	?	yellow long tunic white trousers; shoulder/hip and waist contours not established in overview.
1336	full	1.5	?	?	black lace top flared lace trousers; shoulder/hip and waist contours not established in overview.
1337	partial	1.5	?	?	leopard blouse pink shorts; shoulder/hip and waist contours not established in overview.
1338	full	1.5	?	?	white full bridal gown; shoulder/hip and waist contours not established in overview.
1339	partial	1.5	?	?	black shirt red trousers; shoulder/hip and waist contours not established in overview.
1340	partial	1.5	?	?	turquoise strapless dress; shoulder/hip and waist contours not established in overview.
1341	partial	1.5	?	?	black green panel dress; shoulder/hip and waist contours not established in overview.
1342	partial	1.5	?	?	gold blue slit dress; shoulder/hip and waist contours not established in overview.
1343	full	1.5	?	?	burgundy cutout jumpsuit; shoulder/hip and waist contours not established in overview.
1344	partial	1.5	?	?	grey blue fitted mini; shoulder/hip and waist contours not established in overview.
1345	full	1.5	?	?	yellow floral mini; shoulder/hip and waist contours not established in overview.
1346	full	1.5	?	?	leather jacket patterned mini; shoulder/hip and waist contours not established in overview.
1347	full	1.5	?	?	red black strapless mini; shoulder/hip and waist contours not established in overview.
1348	partial	1.5	?	?	pink black striped dress; shoulder/hip and waist contours not established in overview.
1349	full	1.5	?	?	sheer blouse red trousers; shoulder/hip and waist contours not established in overview.
1350	partial	1.5	?	?	black buttoned dress; shoulder/hip and waist contours not established in overview.
1351	full	1.5	?	?	silver crop embroidered skirt; shoulder/hip and waist contours not established in overview.
1352	full	1.5	?	?	white gold tunic trousers; shoulder/hip and waist contours not established in overview.
1353	full	1.5	?	?	white top tiered maxi; shoulder/hip and waist contours not established in overview.
1354	full	1.5	?	?	white tunic patterned leggings; shoulder/hip and waist contours not established in overview.
1355	reject	?	?	?	repeated silver gown; shoulder/hip and waist contours not established in overview.
1356	full	1.5	?	?	white embellished short dress; shoulder/hip and waist contours not established in overview.
1357	full	1.5	?	?	white tiered midi; shoulder/hip and waist contours not established in overview.
1358	full	1.5	?	?	pink printed shift; shoulder/hip and waist contours not established in overview.
1359	full	1.5	?	?	purple flowing asymmetric dress; shoulder/hip and waist contours not established in overview.
1360	full	1.5	?	?	black sheer midi; shoulder/hip and waist contours not established in overview.
1361	full	1.5	?	?	lavender full gown; shoulder/hip and waist contours not established in overview.
1362	full	1.5	?	?	burgundy loose dress; shoulder/hip and waist contours not established in overview.
1363	full	1.5	?	?	white layered midi; shoulder/hip and waist contours not established in overview.
1364	full	?	?	?	black layer white shift; shoulder/hip and waist contours not established in overview.
1365	full	?	?	?	gold layer column gown; shoulder/hip and waist contours not established in overview.
1366	full	1.5	?	?	dotted blouse wide leather trousers; shoulder/hip and waist contours not established in overview.
1367	full	1.5	?	?	teal maxi black sleeves; shoulder/hip and waist contours not established in overview.
1368	full	1.5	?	?	orange print jacket yellow trousers; shoulder/hip and waist contours not established in overview.
1369	full	1.5	?	?	dotted strapless romper; shoulder/hip and waist contours not established in overview.
1370	partial	?	?	?	grey fur belted coat; shoulder/hip and waist contours not established in overview.
1371	back	?	?	?	rear black outfit; shoulder/hip and waist contours not established in overview.
1372	full	1.5	?	?	corset multicolor tiered skirt; shoulder/hip and waist contours not established in overview.
1373	full	1.5	?	?	beige printed knee dress; shoulder/hip and waist contours not established in overview.
1374	full	1.5	?	?	grey tee patterned midi; shoulder/hip and waist contours not established in overview.
1375	full	1.5	?	?	black strapless mini sheer train; shoulder/hip and waist contours not established in overview.
1376	full	2	?	?	pink embroidered tunic dress; shoulder/hip and waist contours not established in overview.
1377	full	1.5	?	?	printed top black pencil skirt; shoulder/hip and waist contours not established in overview.
1378	full	1.5	?	?	cream blouse gold bubble skirt; shoulder/hip and waist contours not established in overview.
1379	full	1.5	?	?	black cape cutout mini; shoulder/hip and waist contours not established in overview.
1380	full	1.5	?	?	grey asymmetric slit dress; shoulder/hip and waist contours not established in overview.
1381	full	1.5	?	?	cream military mini; shoulder/hip and waist contours not established in overview.
1382	full	1.5	?	?	white dropped waist mini; shoulder/hip and waist contours not established in overview.
1383	full	1.5	?	?	white crop floral mini; shoulder/hip and waist contours not established in overview.
1384	full	?	?	?	white fur jacket pleated mini; shoulder/hip and waist contours not established in overview.
1385	full	1.5	?	?	green peplum wide trousers; shoulder/hip and waist contours not established in overview.
1386	full	1.5	?	?	black jacket mini; shoulder/hip and waist contours not established in overview.
1387	full	?	?	?	fur jacket patterned mini; shoulder/hip and waist contours not established in overview.
1388	full	1.5	?	?	navy pantsuit white shirt; shoulder/hip and waist contours not established in overview.
1389	full	1.5	?	?	black sequined gown; shoulder/hip and waist contours not established in overview.
1390	full	1.5	?	?	gold lavender slit gown; shoulder/hip and waist contours not established in overview.
1391	back	?	?	?	green gown rear view; shoulder/hip and waist contours not established in overview.
1392	full	1.5	?	?	yellow tiered maxi; shoulder/hip and waist contours not established in overview.
1393	full	1.5	?	?	white top patterned mini; shoulder/hip and waist contours not established in overview.
1394	full	1.5	?	?	white empire midi; shoulder/hip and waist contours not established in overview.
1395	full	1.5	?	?	black lace mini; shoulder/hip and waist contours not established in overview.
1396	full	1.5	?	?	black peplum pencil skirt; shoulder/hip and waist contours not established in overview.
1397	full	?	?	?	belted black jacket leggings; shoulder/hip and waist contours not established in overview.
1398	full	2	?	?	black wide leg jumpsuit; shoulder/hip and waist contours not established in overview.
1399	back	?	?	?	blue ballgown rear; shoulder/hip and waist contours not established in overview.
1400	back	?	?	?	printed blouse rear; shoulder/hip and waist contours not established in overview.
1401	back	?	?	?	pale gown rear; shoulder/hip and waist contours not established in overview.
1402	partial	1.5	?	?	printed loose dress; shoulder/hip and waist contours not established in overview.
1403	full	1.5	?	?	red blouse black leggings; shoulder/hip and waist contours not established in overview.
1404	full	1.5	?	?	brown tank navy trousers; shoulder/hip and waist contours not established in overview.
1405	full	1.5	?	?	black blazer white shirt trousers; shoulder/hip and waist contours not established in overview.
1406	partial	2	0	1	Enlarged: close-fitting yellow dress supports similar widths and moderate indentation despite lower arm overlap.
1407	full	1.5	?	?	black cutout maxi; shoulder/hip and waist contours not established in overview.
1408	full	1.5	?	?	teal jacket purple trousers; shoulder/hip and waist contours not established in overview.
1409	full	1.5	?	?	red asymmetric maxi; shoulder/hip and waist contours not established in overview.
1410	back	?	?	?	pale dress rear; shoulder/hip and waist contours not established in overview.
1411	full	1.5	?	?	striped shirt wide trousers; shoulder/hip and waist contours not established in overview.
1412	full	1.5	?	?	yellow blouse black leggings; shoulder/hip and waist contours not established in overview.
1413	full	?	?	?	patterned coat black mini; shoulder/hip and waist contours not established in overview.
1414	full	1.5	?	?	printed top blue trousers; shoulder/hip and waist contours not established in overview.
1415	full	1.5	?	?	white blue printed mini; shoulder/hip and waist contours not established in overview.
1416	full	1.5	?	?	black sheer floral maxi; shoulder/hip and waist contours not established in overview.
1417	full	1.5	?	?	white loose shirt dress; shoulder/hip and waist contours not established in overview.
1418	full	1.5	?	?	grey patterned fitted midi; shoulder/hip and waist contours not established in overview.
1419	full	1.5	?	?	colorful mini; shoulder/hip and waist contours not established in overview.
1420	full	1.5	?	?	red black fitted midi; shoulder/hip and waist contours not established in overview.
1421	full	1.5	?	?	white full midi; shoulder/hip and waist contours not established in overview.
1422	full	?	?	?	grey sweater cropped trousers; shoulder/hip and waist contours not established in overview.
1423	full	2	?	?	floral full midi; shoulder/hip and waist contours not established in overview.
1424	full	1.5	?	?	patterned jacket black pencil; shoulder/hip and waist contours not established in overview.
1425	full	1.5	?	?	red black longsleeve mini; shoulder/hip and waist contours not established in overview.
1426	full	1.5	?	?	dark teal fitted maxi; shoulder/hip and waist contours not established in overview.
1427	full	1.5	?	?	checked shirt grey pencil; shoulder/hip and waist contours not established in overview.
1428	full	1.5	?	?	black sheer panel mini; shoulder/hip and waist contours not established in overview.
1429	full	1.5	?	?	black crop jacket white dress; shoulder/hip and waist contours not established in overview.
1430	full	1.5	?	?	black strapless gown; shoulder/hip and waist contours not established in overview.
1431	full	1.5	?	?	silver embroidered gown; shoulder/hip and waist contours not established in overview.
1432	full	1.5	?	?	red velvet shift; shoulder/hip and waist contours not established in overview.
1433	full	1.5	?	?	floral full mini; shoulder/hip and waist contours not established in overview.
1434	reject	?	?	?	repeated red velvet shift; shoulder/hip and waist contours not established in overview.
1435	full	1.5	?	?	black sheer neck maxi; shoulder/hip and waist contours not established in overview.
1436	full	1.5	?	?	grey jacket wide shorts; shoulder/hip and waist contours not established in overview.
1437	back	?	?	?	black gown rear; shoulder/hip and waist contours not established in overview.
1438	full	1.5	?	?	printed tank black trousers; shoulder/hip and waist contours not established in overview.
1439	full	1.5	?	?	blue top peplum mini; shoulder/hip and waist contours not established in overview.
1440	full	2.5	?	?	Enlarged: flowing skirt hides hips; belt is not body contour evidence.
1441	full	1.5	?	?	black wrap top slit skirt; shoulder/hip and waist contours not established in overview.
1442	full	2	0	1	Enlarged: close-fitting black dress supports similar widths and moderate indentation.
1443	full	1.5	?	?	graphic tee patterned trousers; shoulder/hip and waist contours not established in overview.
1444	full	?	?	?	white full bridal gown; shoulder/hip and waist contours not established in overview.
1445	full	1.5	?	?	white vest beige mini; shoulder/hip and waist contours not established in overview.
1446	full	?	?	?	grey graphic top leggings; shoulder/hip and waist contours not established in overview.
1447	full	1.5	?	?	black teal top striped pencil; shoulder/hip and waist contours not established in overview.
1448	full	1.5	?	?	white black high slit dress; shoulder/hip and waist contours not established in overview.
1449	full	1.5	?	?	purple ruffled midi; shoulder/hip and waist contours not established in overview.
1450	full	1.5	?	?	grey top patterned trousers; shoulder/hip and waist contours not established in overview.
1451	full	1.5	?	?	blue top mustard trousers; shoulder/hip and waist contours not established in overview.
1452	full	1.5	?	?	grey top black cropped trousers; shoulder/hip and waist contours not established in overview.
1453	full	1.5	?	?	grey black panel mini; shoulder/hip and waist contours not established in overview.
1454	back	?	?	?	blue dress rear view; shoulder/hip and waist contours not established in overview.
1455	reject	?	?	?	distant outfit subject; shoulder/hip and waist contours not established in overview.
1456	full	1.5	?	?	dark tunic patterned trousers; shoulder/hip and waist contours not established in overview.
1457	full	1.5	?	?	patterned jumpsuit leather jacket; shoulder/hip and waist contours not established in overview.
1458	full	1.5	?	?	turquoise high low dress; shoulder/hip and waist contours not established in overview.
1459	full	1.5	?	?	white tee ripped jeans; shoulder/hip and waist contours not established in overview.
1460	full	1.5	?	?	pink black panel dress; shoulder/hip and waist contours not established in overview.
1461	full	1.5	?	?	black white belt mini; shoulder/hip and waist contours not established in overview.
1462	full	1.5	?	?	grey asymmetric midi; shoulder/hip and waist contours not established in overview.
1463	full	1.5	?	?	brown tunic patterned skirt; shoulder/hip and waist contours not established in overview.
1464	full	1.5	?	?	white offshoulder midi; shoulder/hip and waist contours not established in overview.
1465	full	1.5	?	?	patterned loose midi; shoulder/hip and waist contours not established in overview.
1466	full	1.5	?	?	red jacket pencil skirt; shoulder/hip and waist contours not established in overview.
1467	full	1.5	?	?	checked jacket mini; shoulder/hip and waist contours not established in overview.
1468	full	1.5	?	?	striped offshoulder mini; shoulder/hip and waist contours not established in overview.
1469	full	?	?	?	white loose pantsuit side view; shoulder/hip and waist contours not established in overview.
1470	reject	?	?	?	distant shadowed outfit; shoulder/hip and waist contours not established in overview.
1471	full	1.5	?	?	floral high low gown; shoulder/hip and waist contours not established in overview.
1472	full	1.5	?	?	olive lace strapless gown; shoulder/hip and waist contours not established in overview.
1473	full	1.5	?	?	silver satin gown; shoulder/hip and waist contours not established in overview.
1474	full	1.5	?	?	black lace midi; shoulder/hip and waist contours not established in overview.
1475	full	1.5	?	?	dark green embroidered mini; shoulder/hip and waist contours not established in overview.
1476	full	1.5	?	?	green crop grey full maxi; shoulder/hip and waist contours not established in overview.
1477	full	1.5	?	?	black column maxi; shoulder/hip and waist contours not established in overview.
1478	full	1.5	?	?	leopard mini; shoulder/hip and waist contours not established in overview.
1479	full	1.5	?	?	blue top red leggings; shoulder/hip and waist contours not established in overview.
1480	full	1.5	?	?	red cutout top two tone leggings; shoulder/hip and waist contours not established in overview.
1481	full	1.5	?	?	blue sleeveless shift; shoulder/hip and waist contours not established in overview.
1482	full	1.5	?	?	white top cropped leather trousers; shoulder/hip and waist contours not established in overview.
1483	back	?	?	?	pink dress rear; shoulder/hip and waist contours not established in overview.
1484	back	?	?	?	turquoise gown rear; shoulder/hip and waist contours not established in overview.
1485	full	1.5	?	?	pink strapless full gown; shoulder/hip and waist contours not established in overview.
1486	full	1.5	?	?	navy crop black wrap skirt; shoulder/hip and waist contours not established in overview.
1487	full	1.5	?	?	black ruffled mini; shoulder/hip and waist contours not established in overview.
1488	full	1.5	?	?	white magenta full midi; shoulder/hip and waist contours not established in overview.
1489	full	1.5	?	?	black crop panel pencil; shoulder/hip and waist contours not established in overview.
1490	full	1.5	?	?	black crop pink panel pencil; shoulder/hip and waist contours not established in overview.
1491	full	1.5	?	?	black lace neck midi; shoulder/hip and waist contours not established in overview.
1492	full	1.5	0	1	Enlarged: fitted floral dress shows similar widths and moderate indentation.
1493	back	?	?	?	bridal gown rear; shoulder/hip and waist contours not established in overview.
1494	full	1.5	?	?	pale strapless mermaid gown; shoulder/hip and waist contours not established in overview.
1495	back	?	?	?	mermaid gown rear; shoulder/hip and waist contours not established in overview.
1496	full	1.5	?	?	white full strapless gown; shoulder/hip and waist contours not established in overview.
1497	back	?	?	?	lace gown rear; shoulder/hip and waist contours not established in overview.
1498	back	?	?	?	parasol gown rear; shoulder/hip and waist contours not established in overview.
1499	full	1.5	?	?	patterned halter gown; shoulder/hip and waist contours not established in overview.
1500	full	1.5	?	?	burgundy lace maxi; shoulder/hip and waist contours not established in overview.
1501	full	1.5	0	1	Enlarged: fitted green floral dress shows similar widths and moderate indentation.
1502	full	1.5	?	?	colorblock black midi; shoulder/hip and waist contours not established in overview.
1503	full	1.5	?	?	cream top gold pencil; shoulder/hip and waist contours not established in overview.
1504	full	1.5	?	?	cream tunic patterned leggings; shoulder/hip and waist contours not established in overview.
1505	full	1.5	?	?	olive jacket matching pencil; shoulder/hip and waist contours not established in overview.
1506	full	1.5	?	?	black halter midi; shoulder/hip and waist contours not established in overview.
1507	full	1.5	?	?	pink draped gown; shoulder/hip and waist contours not established in overview.
1508	full	1.5	?	?	cream black panel slit dress; shoulder/hip and waist contours not established in overview.
1509	full	1.5	?	?	white tank olive pencil; shoulder/hip and waist contours not established in overview.
1510	back	?	?	?	leather trousers rear; shoulder/hip and waist contours not established in overview.
1511	back	?	?	?	printed mini rear; shoulder/hip and waist contours not established in overview.
1512	full	1.5	?	?	pale longsleeve mini; shoulder/hip and waist contours not established in overview.
1513	full	1.5	?	?	grey tank blue jeans; shoulder/hip and waist contours not established in overview.
1514	full	1.5	?	?	striped top black mini; shoulder/hip and waist contours not established in overview.
1515	full	1.5	?	?	black leather knee dress; shoulder/hip and waist contours not established in overview.
1516	full	1.5	?	?	striped sweater pink mini; shoulder/hip and waist contours not established in overview.
1517	full	1.5	?	?	blue panel mini; shoulder/hip and waist contours not established in overview.
1518	full	1.5	?	?	pink longsleeve mini; shoulder/hip and waist contours not established in overview.
1519	full	1.5	?	?	cream jacket burgundy top jeans; shoulder/hip and waist contours not established in overview.
1520	full	1.5	?	?	black tank cropped jeans; shoulder/hip and waist contours not established in overview.
1521	full	?	?	?	beige long coat grey trousers; shoulder/hip and waist contours not established in overview.
1522	full	1.5	?	?	patterned cardigan burgundy mini; shoulder/hip and waist contours not established in overview.
1523	full	1.5	?	?	black top patterned mini; shoulder/hip and waist contours not established in overview.
1524	full	1.5	0	1	Enlarged: exposed torso and fitted trousers show similar shoulder and hip widths and moderate indentation.
1525	partial	?	?	?	tan cape hides torso; shoulder/hip and waist contours not established in overview.
1526	partial	2	?	?	burgundy navy panel dress; shoulder/hip and waist contours not established in overview.
1527	full	1.5	?	?	pink fitted pantsuit side view; shoulder/hip and waist contours not established in overview.
1528	back	?	?	?	bridal train rear view; shoulder/hip and waist contours not established in overview.
1529	full	1.5	?	?	white lace offshoulder gown side; shoulder/hip and waist contours not established in overview.
1530	partial	?	?	?	white full gown crowd obscures; shoulder/hip and waist contours not established in overview.
1531	back	?	?	?	blue mermaid gown rear; shoulder/hip and waist contours not established in overview.
1532	reject	?	?	?	repeated black crop outfit side; shoulder/hip and waist contours not established in overview.
1533	partial	?	?	?	brown jacket side view; shoulder/hip and waist contours not established in overview.
1534	full	1.5	?	?	red lace gown side; shoulder/hip and waist contours not established in overview.
1535	full	1.5	?	?	grey sheer mini side; shoulder/hip and waist contours not established in overview.
1536	partial	1.5	?	?	yellow strapless dress crowd obscures; shoulder/hip and waist contours not established in overview.
1537	reject	?	?	?	distant side gown; shoulder/hip and waist contours not established in overview.
1538	partial	1.5	?	?	pink shirt suspenders black trousers; shoulder/hip and waist contours not established in overview.
1539	partial	1.5	?	?	leopard top red plaid trousers; shoulder/hip and waist contours not established in overview.
1540	partial	1.5	?	?	white black peplum jacket trousers; shoulder/hip and waist contours not established in overview.
1541	full	1.5	?	?	black halter flowing maxi side; shoulder/hip and waist contours not established in overview.
1542	reject	?	?	?	distant side dress; shoulder/hip and waist contours not established in overview.
1543	reject	?	?	?	repeated grey jacket mini side; shoulder/hip and waist contours not established in overview.
1544	reject	?	?	?	distant subject crowd; shoulder/hip and waist contours not established in overview.
1545	full	1.5	?	?	colorful top cream skirt dress; shoulder/hip and waist contours not established in overview.
1546	partial	?	?	?	leather jacket black trousers; shoulder/hip and waist contours not established in overview.
1547	partial	1.5	?	?	black tank trousers; shoulder/hip and waist contours not established in overview.
1548	partial	1.5	?	?	orange draped dress; shoulder/hip and waist contours not established in overview.
1549	partial	1.5	?	?	grey print blouse black skirt; shoulder/hip and waist contours not established in overview.
1550	back	?	?	?	printed gown rear; shoulder/hip and waist contours not established in overview.
1551	partial	?	?	?	plaid long jacket brown top; shoulder/hip and waist contours not established in overview.
1552	partial	?	?	?	cream fur collar sweater leather mini; shoulder/hip and waist contours not established in overview.
1553	partial	1.5	?	?	patterned blouse full mini; shoulder/hip and waist contours not established in overview.
1554	back	?	?	?	grey black dress rear; shoulder/hip and waist contours not established in overview.
1555	full	1.5	?	?	long black vest white top cropped trousers; shoulder/hip and waist contours not established in overview.
1556	full	1.5	?	?	brown top white cropped trousers; shoulder/hip and waist contours not established in overview.
1557	full	1.5	?	?	pale sleeveless mini side; shoulder/hip and waist contours not established in overview.
1558	full	1.5	?	?	red black mini side; shoulder/hip and waist contours not established in overview.
1559	full	1.5	?	?	taupe blouse red wide trousers; shoulder/hip and waist contours not established in overview.
1560	full	1.5	?	?	navy white panel mini; shoulder/hip and waist contours not established in overview.
1561	full	1.5	?	?	white cutout top navy pencil; shoulder/hip and waist contours not established in overview.
1562	full	1.5	?	?	black crop wide trousers; shoulder/hip and waist contours not established in overview.
1563	full	1.5	?	?	pale purple floral midi; shoulder/hip and waist contours not established in overview.
1564	full	1.5	?	?	black blazer geometric mini; shoulder/hip and waist contours not established in overview.
1565	full	1.5	?	?	dark draped knee dress; shoulder/hip and waist contours not established in overview.
1566	full	1.5	?	?	black lace high low dress; shoulder/hip and waist contours not established in overview.
1567	full	1.5	?	?	red full dress side; shoulder/hip and waist contours not established in overview.
1568	full	1.5	?	?	patterned top cropped trousers; shoulder/hip and waist contours not established in overview.
1569	full	?	?	?	tan box top wide trousers; shoulder/hip and waist contours not established in overview.
1570	full	1.5	?	?	leather peplum jacket full skirt; shoulder/hip and waist contours not established in overview.
1571	full	1.5	?	?	black peplum top white patterned trousers; shoulder/hip and waist contours not established in overview.
1572	full	1.5	?	?	printed jacket black mini; shoulder/hip and waist contours not established in overview.
1573	full	1.5	?	?	black leather vest fitted mini; shoulder/hip and waist contours not established in overview.
1574	full	1.5	?	?	patterned top pencil skirt; shoulder/hip and waist contours not established in overview.
1575	full	1.5	?	?	purple strapless full mini; shoulder/hip and waist contours not established in overview.
1576	full	1.5	?	?	Enlarged: extended cap sleeves and hands in pockets alter visible shoulder and hip outlines.
1577	full	1.5	?	?	colorful printed short suit; shoulder/hip and waist contours not established in overview.
1578	reject	?	?	?	repeated orange draped dress; shoulder/hip and waist contours not established in overview.
1579	full	1.5	?	?	navy pantsuit; shoulder/hip and waist contours not established in overview.
1580	full	1.5	?	?	sheer long layer white top checked mini; shoulder/hip and waist contours not established in overview.
1581	full	1.5	?	?	orange printed loose midi; shoulder/hip and waist contours not established in overview.
1582	full	1.5	?	?	turquoise embellished maxi; shoulder/hip and waist contours not established in overview.
1583	full	1.5	?	?	pale blue full mini; shoulder/hip and waist contours not established in overview.
1584	partial	1.5	?	?	white top dark wide trousers; shoulder/hip and waist contours not established in overview.
1585	full	1.5	?	?	green sleeveless mini; shoulder/hip and waist contours not established in overview.
1586	full	1.5	?	?	colorful floral mini; shoulder/hip and waist contours not established in overview.
1587	full	1.5	?	?	red white top silver trousers; shoulder/hip and waist contours not established in overview.
1588	full	1.5	?	?	white top short shorts side; shoulder/hip and waist contours not established in overview.
1589	full	1.5	?	?	black leather mini; shoulder/hip and waist contours not established in overview.
1590	full	3	?	?	Enlarged: loose patterned dress conceals waist and hip boundaries.
1591	full	2.5	?	?	Enlarged: angled posture and draped gown obscure reliable torso-width comparisons.
1592	full	1.5	?	?	grey jacket turquoise top jeans; shoulder/hip and waist contours not established in overview.
1593	partial	1.5	?	?	cream jacket pink top shorts; shoulder/hip and waist contours not established in overview.
1594	full	1.5	?	?	mint jacket trousers; shoulder/hip and waist contours not established in overview.
1595	full	1.5	?	?	peach jacket white top shorts; shoulder/hip and waist contours not established in overview.
1596	full	1.5	?	?	beige blazer floral mini; shoulder/hip and waist contours not established in overview.
1597	full	1.5	?	?	grey blazer black shirt trousers; shoulder/hip and waist contours not established in overview.
1598	full	?	?	?	beige long layer wide trousers; shoulder/hip and waist contours not established in overview.
1599	full	1.5	?	?	blue strapless layered mini; shoulder/hip and waist contours not established in overview.
1600	full	1.5	?	?	brown top yellow leggings; shoulder/hip and waist contours not established in overview.
1601	partial	1.5	?	?	black top layered mini blue leggings; shoulder/hip and waist contours not established in overview.
1602	full	1.5	?	?	cream lace knee dress side; shoulder/hip and waist contours not established in overview.
1603	full	1.5	?	?	floral jumpsuit; shoulder/hip and waist contours not established in overview.
1604	full	1.5	?	?	gold draped jumpsuit; shoulder/hip and waist contours not established in overview.
1605	full	1.5	?	?	navy cutout top wide trousers; shoulder/hip and waist contours not established in overview.
1606	full	?	?	?	grey print coat geometric pencil; shoulder/hip and waist contours not established in overview.
1607	full	1.5	?	?	brown yellow jacket pencil; shoulder/hip and waist contours not established in overview.
1608	full	?	?	?	black textured layered outfit; shoulder/hip and waist contours not established in overview.
1609	full	1.5	?	?	white halter mini; shoulder/hip and waist contours not established in overview.
1610	full	1.5	?	?	floral short jumpsuit; shoulder/hip and waist contours not established in overview.
1611	full	1.5	?	?	black top olive pencil; shoulder/hip and waist contours not established in overview.
1612	reject	?	?	?	repeated floral short jumpsuit; shoulder/hip and waist contours not established in overview.
1613	full	1.5	?	?	pale peplum black pencil; shoulder/hip and waist contours not established in overview.
1614	full	1.5	?	?	black halter maxi; shoulder/hip and waist contours not established in overview.
1615	full	1.5	?	?	black fitted midi; shoulder/hip and waist contours not established in overview.
1616	full	1.5	?	?	Enlarged: peplum and structured sleeves prevent reliable contour comparisons.
1617	full	1.5	?	?	pink black offshoulder midi; shoulder/hip and waist contours not established in overview.
1618	full	1.5	?	?	sheer crop black trousers; shoulder/hip and waist contours not established in overview.
1619	full	1.5	?	?	black blazer white mini; shoulder/hip and waist contours not established in overview.
1620	full	1.5	0	1	Enlarged: fitted black dress shows similar shoulder and hip widths and moderate indentation.
1621	full	?	?	?	fur layer mini; shoulder/hip and waist contours not established in overview.
1622	full	1.5	?	1	Enlarged: fitted torso shows moderate indentation; turned posture prevents shoulder comparison.
1623	partial	1.5	?	?	checked blouse pleated midi; shoulder/hip and waist contours not established in overview.
1624	full	1.5	?	?	sheer pale pink mini; shoulder/hip and waist contours not established in overview.
1625	full	1.5	?	?	yellow coat dress; shoulder/hip and waist contours not established in overview.
1626	full	1.5	?	?	black red top leather trousers; shoulder/hip and waist contours not established in overview.
1627	reject	?	?	?	repeated black red leather outfit; shoulder/hip and waist contours not established in overview.
1628	full	1.5	?	?	colorful sleeveless mini; shoulder/hip and waist contours not established in overview.
1629	full	1.5	?	?	red white striped maxi; shoulder/hip and waist contours not established in overview.
1630	full	1.5	?	?	striped jacket colorblock skirt; shoulder/hip and waist contours not established in overview.
1631	full	1.5	?	?	green cropped jacket black maxi; shoulder/hip and waist contours not established in overview.
